Transaction ID,Date,Time,Customer ID,Gender,Age,Product Category,Product Name,Quantity,Price per Unit ($),Total Amount ($)
1,2025-10-13,12:43 PM,CUST001,Male,34,Appliances,Dyson V15 Detect Vacuum,2,749,1498
2,2025-01-29,3:57 PM,CUST002,Female,26,Gaming,PlayStation 5 Controller,2,69,138
3,2025-06-04,9:22 PM,CUST003,Male,50,Computers & Accessories,Logitech MX Master 3 Mouse,1,99,99
4,2025-05-15,11:17 AM,CUST004,Male,37,Tablets,iPad Air M1,1,749,749
5,2025-11-08,1:07 PM,CUST005,Male,30,Appliances,Dyson V15 Detect Vacuum,2,749,1498
6,2025-10-25,8:52 PM,CUST006,Female,45,Appliances,Vitamix E310 Blender,1,349,349
7,2025-12-08,4:42 PM,CUST007,Male,46,Smart Home,Ring Video Doorbell Pro 2,2,249,498
8,2025-03-16,1:40 PM,CUST008,Male,30,Appliances,Dyson V15 Detect Vacuum,2,749,1498
9,2025-08-08,5:01 PM,CUST009,Male,63,Smartphones,iPhone 15,2,999,1998
10,2025-02-03,11:21 AM,CUST010,Female,52,Computers & Accessories,Logitech MX Master 3 Mouse,4,99,396
11,2025-05-13,1:08 PM,CUST011,Male,23,Smart Home,Philips Hue Starter Kit,2,199,398
12,2025-09-06,6:13 PM,CUST012,Male,35,Computers & Accessories,Seagate 4TB External HDD,3,99,297
13,2025-01-31,12:48 PM,CUST013,Male,22,Laptops,Microsoft Surface Pro 9,2,1399,2798
14,2025-05-05,5:37 PM,CUST014,Male,64,Smart Home,Arlo Pro 4 Security Camera,4,199,796
15,2025-10-17,2:55 PM,CUST015,Female,42,Gaming,Razer BlackShark V2 Headset,4,99,396
16,2025-09-17,1:49 PM,CUST016,Male,19,Tablets,Microsoft Surface Go 3,3,399,1197
17,2025-05-14,12:57 PM,CUST017,Female,27,Smart Home,Amazon Echo Show 10,3,249,747
18,2025-09-27,5:17 PM,CUST018,Female,47,Audio,AirPods Pro 2nd Gen,2,249,498
19,2025-11-22,7:09 PM,CUST019,Female,62,Smart Home,Google Nest Hub Max,2,229,458
20,2025-01-08,9:34 PM,CUST020,Male,22,Smart Home,Amazon Echo Show 10,3,249,747
21,2025-11-22,3:11 PM,CUST021,Female,50,Cameras,Canon EOS R50,1,699,699
22,2025-11-01,12:55 PM,CUST022,Male,18,Audio,Sony WH-1000XM5 Headphones,2,349,698
23,2025-07-04,11:00 AM,CUST023,Female,35,Computers & Accessories,Samsung T7 Portable SSD 1TB,4,89,356
24,2025-04-17,3:50 PM,CUST024,Female,49,Gaming,Nintendo Switch OLED,1,349,349
25,2025-12-22,1:20 PM,CUST025,Female,64,Smart Home,Philips Hue Starter Kit,1,199,199
26,2025-07-03,10:16 AM,CUST026,Female,28,TVs,"Samsung 65"" QLED 4K TV",2,1299,2598
27,2025-03-20,11:47 AM,CUST027,Female,38,Appliances,Keurig K-Elite Coffee Maker,2,149,298
28,2025-03-21,4:07 PM,CUST028,Female,43,Tablets,"iPad Pro 12.9""",1,1099,1099
29,2025-11-29,6:30 PM,CUST029,Female,42,Appliances,Dyson V15 Detect Vacuum,1,749,749
30,2025-10-02,4:23 PM,CUST030,Female,39,Tablets,Samsung Galaxy Tab S9,2,799,1598
31,2025-11-22,5:06 PM,CUST031,Male,44,Tablets,iPad 10th Gen,3,449,1347
32,2025-11-07,4:14 PM,CUST032,Male,30,Smart Home,Philips Hue Starter Kit,3,199,597
33,2025-09-14,8:02 PM,CUST033,Female,50,Smart Home,Arlo Pro 4 Security Camera,2,199,398
34,2025-12-26,6:58 PM,CUST034,Female,51,Computers & Accessories,"LG 27"" UltraGear Gaming Monitor",3,399,1197
35,2025-07-21,7:33 PM,CUST035,Female,58,Tablets,iPad Air M1,2,749,1498
36,2025-09-19,3:41 PM,CUST036,Male,52,Audio,Sony WH-1000XM5 Headphones,3,349,1047
37,2025-11-27,9:03 PM,CUST037,Female,18,Computers & Accessories,"LG 27"" UltraGear Gaming Monitor",3,399,1197
38,2025-10-06,9:54 PM,CUST038,Male,38,Smart Home,Amazon Echo Show 10,3,249,747
39,2025-12-03,3:43 PM,CUST039,Male,23,Audio,JBL Charge 5 Speaker,4,149,596
40,2025-09-25,12:45 PM,CUST040,Male,45,Smart Home,Nest Learning Thermostat,1,249,249
41,2025-11-02,8:04 PM,CUST041,Male,34,Audio,Bose QuietComfort 45,2,279,558
42,2025-02-21,7:20 PM,CUST042,Male,22,Tablets,Amazon Fire HD 10,3,149,447
43,2025-05-17,5:04 PM,CUST043,Female,48,Smart Home,Arlo Pro 4 Security Camera,1,199,199
44,2025-06-11,12:39 PM,CUST044,Female,22,Smart Home,Arlo Pro 4 Security Camera,1,199,199
45,2025-03-14,5:35 PM,CUST045,Female,55,Audio,Sonos Era 300,1,449,449
46,2025-05-18,6:24 PM,CUST046,Female,20,Tablets,iPad Air M1,2,749,1498
47,2025-03-22,9:33 PM,CUST047,Female,40,Tablets,Amazon Fire HD 10,3,149,447
48,2025-06-06,3:32 PM,CUST048,Male,54,Laptops,"MacBook Pro 14""",2,1999,3998
49,2025-10-12,5:06 PM,CUST049,Female,54,Cameras,Fujifilm X-T5,2,1699,3398
50,2025-07-15,7:07 PM,CUST050,Female,27,Smart Home,Arlo Pro 4 Security Camera,3,199,597
51,2025-07-18,7:41 PM,CUST051,Male,27,Appliances,Ninja Foodi Air Fryer,3,199,597
52,2025-05-10,7:35 PM,CUST052,Female,36,Cameras,Nikon Z50,1,859,859
53,2025-05-31,6:13 PM,CUST053,Male,34,Computers & Accessories,"LG 27"" UltraGear Gaming Monitor",2,399,798
54,2025-12-19,4:56 PM,CUST054,Female,38,Laptops,MacBook Air M3,2,1299,2598
55,2025-10-17,2:21 PM,CUST055,Male,31,Smart Home,Google Nest Hub Max,3,229,687
56,2025-10-03,7:25 PM,CUST056,Female,26,Smart Home,Ring Video Doorbell Pro 2,3,249,747
57,2025-04-25,4:06 PM,CUST057,Female,63,Computers & Accessories,Seagate 4TB External HDD,1,99,99
58,2025-11-07,3:20 PM,CUST058,Male,18,Smart Home,Nest Learning Thermostat,3,249,747
59,2025-04-20,5:23 PM,CUST059,Male,62,Smart Home,Google Nest Hub Max,1,229,229
60,2025-07-21,8:43 PM,CUST060,Male,30,Smart Home,Arlo Pro 4 Security Camera,3,199,597
61,2025-12-28,8:04 PM,CUST061,Male,21,Smart Home,Nest Learning Thermostat,3,249,747
62,2025-10-13,11:05 AM,CUST062,Male,18,Smart Home,Nest Learning Thermostat,2,249,498
63,2025-09-19,12:06 PM,CUST063,Male,57,Smart Home,Arlo Pro 4 Security Camera,2,199,398
64,2025-10-28,6:23 PM,CUST064,Male,49,Smart Home,Philips Hue Starter Kit,4,199,796
65,2025-11-29,7:35 PM,CUST065,Male,51,TVs,"Samsung 85"" Neo QLED",2,2999,5998
66,2025-11-15,11:35 AM,CUST066,Female,45,Appliances,Ninja Foodi Air Fryer,1,199,199
67,2025-05-17,5:42 PM,CUST067,Female,48,Audio,Bose QuietComfort 45,3,279,837
68,2025-02-06,12:22 PM,CUST068,Male,25,Laptops,"MacBook Pro 14""",1,1999,1999
69,2025-06-22,7:48 PM,CUST069,Female,56,Appliances,Keurig K-Elite Coffee Maker,3,149,447
70,2025-05-31,4:58 PM,CUST070,Female,43,Gaming,PlayStation 5,1,499,499
71,2025-05-10,6:18 PM,CUST071,Female,51,Computers & Accessories,Logitech MX Master 3 Mouse,4,99,396
72,2025-12-19,5:22 PM,CUST072,Female,20,Tablets,iPad Air M1,2,749,1498
73,2025-12-05,12:32 PM,CUST073,Male,29,Appliances,Ninja Foodi Air Fryer,3,199,597
74,2025-06-22,1:42 PM,CUST074,Female,18,Cameras,Fujifilm X-T5,2,1699,3398
75,2025-10-18,5:54 PM,CUST075,Male,61,Smart Home,Philips Hue Starter Kit,4,199,796
76,2025-07-29,12:54 PM,CUST076,Female,22,Appliances,Ninja Foodi Air Fryer,2,199,398
77,2025-12-13,5:07 PM,CUST077,Female,47,Audio,Sonos Era 300,2,449,898
78,2025-08-22,6:36 PM,CUST078,Female,47,Gaming,PlayStation 5 Controller,3,69,207
79,2025-05-31,2:27 PM,CUST079,Male,34,Tablets,"iPad Pro 12.9""",1,1099,1099
80,2025-05-24,7:49 PM,CUST080,Female,64,Smart Home,Philips Hue Starter Kit,2,199,398
81,2025-09-20,7:39 PM,CUST081,Male,40,Computers & Accessories,Anker 65W USB-C Charger,1,45,45
82,2025-05-30,6:35 PM,CUST082,Female,32,Smart Home,Ring Video Doorbell Pro 2,3,249,747
83,2025-09-26,11:59 AM,CUST083,Male,54,Computers & Accessories,Samsung T7 Portable SSD 1TB,2,89,178
84,2025-12-10,5:44 PM,CUST084,Female,38,Smart Home,Google Nest Hub Max,3,229,687
85,2025-07-31,1:11 PM,CUST085,Male,31,Computers & Accessories,Anker 65W USB-C Charger,3,45,135
86,2025-05-14,1:48 PM,CUST086,Male,19,Appliances,Instant Pot Duo 7-in-1,3,99,297
87,2025-12-31,2:21 PM,CUST087,Female,28,Appliances,iRobot Roomba j7+,2,599,1198
88,2025-09-07,2:11 PM,CUST088,Male,56,Gaming,PlayStation 5 Controller,1,69,69
89,2025-03-19,7:36 PM,CUST089,Female,55,TVs,"Samsung 85"" Neo QLED",2,2999,5998
90,2025-02-22,6:04 PM,CUST090,Female,51,Smart Home,Nest Learning Thermostat,1,249,249
91,2025-03-28,1:40 PM,CUST091,Female,55,TVs,"LG 55"" OLED TV",1,1499,1499
92,2025-10-10,9:05 PM,CUST092,Female,51,Audio,Sonos Era 300,3,449,1347
93,2025-11-19,6:13 PM,CUST093,Female,35,Audio,Samsung Galaxy Buds2 Pro,4,199,796
94,2025-08-08,4:29 PM,CUST094,Female,47,Cameras,Sony Alpha a7 IV,2,2499,4998
95,2025-03-06,2:23 PM,CUST095,Female,32,Audio,Bose QuietComfort 45,2,279,558
96,2025-07-23,2:20 PM,CUST096,Female,44,Tablets,"iPad Pro 12.9""",2,1099,2198
97,2025-12-31,6:36 PM,CUST097,Female,51,Cameras,DJI Mini 4 Pro Drone,2,759,1518
98,2025-09-12,5:56 PM,CUST098,Female,55,Computers & Accessories,"LG 27"" UltraGear Gaming Monitor",2,399,798
99,2025-12-26,11:10 AM,CUST099,Female,50,Tablets,Microsoft Surface Go 3,3,399,1197
100,2025-12-02,6:03 PM,CUST100,Male,41,Audio,Sonos Era 300,1,449,449
101,2025-01-13,5:17 PM,CUST101,Male,32,Tablets,iPad Air M1,2,749,1498
102,2025-11-06,3:27 PM,CUST102,Female,47,Appliances,Keurig K-Elite Coffee Maker,2,149,298
103,2025-10-27,4:28 PM,CUST103,Female,59,Smart Home,Nest Learning Thermostat,1,249,249
104,2025-09-14,3:13 PM,CUST104,Female,34,Audio,Sonos Era 300,2,449,898
105,2025-05-31,6:07 PM,CUST105,Female,22,Gaming,Razer BlackShark V2 Headset,1,99,99
106,2025-10-13,2:07 PM,CUST106,Female,46,Computers & Accessories,Seagate 4TB External HDD,1,99,99
107,2025-03-28,3:43 PM,CUST107,Female,21,Tablets,Amazon Fire HD 10,4,149,596
108,2025-08-14,5:33 PM,CUST108,Female,27,Smart Home,Google Nest Hub Max,3,229,687
109,2025-08-21,5:02 PM,CUST109,Female,34,Tablets,Amazon Fire HD 10,4,149,596
110,2025-12-21,1:38 PM,CUST110,Male,27,Smart Home,Google Nest Hub Max,3,229,687
111,2025-12-05,11:13 AM,CUST111,Female,34,Gaming,Razer BlackShark V2 Headset,3,99,297
112,2025-05-30,3:13 PM,CUST112,Male,37,Gaming,Xbox Series X,3,499,1497
113,2025-09-05,6:48 PM,CUST113,Female,41,Smart Home,Ring Video Doorbell Pro 2,2,249,498
114,2025-04-27,1:20 PM,CUST114,Female,22,Smart Home,Ring Video Doorbell Pro 2,3,249,747
115,2025-12-13,12:31 PM,CUST115,Male,51,Tablets,iPad 10th Gen,3,449,1347
116,2025-12-05,6:11 PM,CUST116,Female,23,Computers & Accessories,"LG 27"" UltraGear Gaming Monitor",1,399,399
117,2025-06-14,12:34 PM,CUST117,Male,19,Smartphones,OnePlus 12,2,799,1598
118,2025-10-13,6:32 PM,CUST118,Female,30,Tablets,"iPad Pro 12.9""",2,1099,2198
119,2025-10-03,5:42 PM,CUST119,Female,60,Computers & Accessories,"LG 27"" UltraGear Gaming Monitor",3,399,1197
120,2025-04-16,7:04 PM,CUST120,Male,60,Computers & Accessories,Apple Magic Keyboard,1,99,99
121,2025-11-14,4:47 PM,CUST121,Female,28,Audio,Sonos Era 300,3,449,1347
122,2025-09-15,11:01 AM,CUST122,Male,64,Smart Home,Amazon Echo Show 10,3,249,747
123,2025-11-16,4:04 PM,CUST123,Female,40,Appliances,iRobot Roomba j7+,2,599,1198
124,2025-09-13,7:36 PM,CUST124,Male,33,Tablets,Amazon Fire HD 10,4,149,596
125,2025-01-01,3:25 PM,CUST125,Male,48,Smart Home,Philips Hue Starter Kit,2,199,398
126,2025-06-27,6:26 PM,CUST126,Female,28,Audio,AirPods Pro 2nd Gen,3,249,747
127,2025-01-23,2:25 PM,CUST127,Female,33,Audio,Samsung Galaxy Buds2 Pro,2,199,398
128,2025-12-17,10:20 AM,CUST128,Male,25,Cameras,Sony Alpha a7 IV,1,2499,2499
129,2025-12-06,1:39 PM,CUST129,Female,21,Cameras,Nikon Z50,2,859,1718
130,2025-11-27,4:44 PM,CUST130,Female,57,Appliances,Instant Pot Duo 7-in-1,1,99,99
131,2025-06-19,8:05 PM,CUST131,Female,21,Audio,Samsung Galaxy Buds2 Pro,2,199,398
132,2025-03-03,3:06 PM,CUST132,Male,42,Appliances,Vitamix E310 Blender,3,349,1047
133,2025-12-06,2:37 PM,CUST133,Male,20,Smartphones,OnePlus 12,2,799,1598
134,2025-12-20,4:05 PM,CUST134,Male,49,Audio,Sony WH-1000XM5 Headphones,1,349,349
135,2025-03-15,4:19 PM,CUST135,Male,20,Audio,JBL Charge 5 Speaker,2,149,298
136,2025-09-01,6:14 PM,CUST136,Male,44,TVs,"Samsung 65"" QLED 4K TV",2,1299,2598
137,2025-03-08,4:10 PM,CUST137,Male,46,Cameras,Canon EOS R50,2,699,1398
138,2025-11-14,12:40 PM,CUST138,Male,49,Computers & Accessories,Seagate 4TB External HDD,4,99,396
139,2025-11-14,12:32 PM,CUST139,Male,36,Audio,AirPods Pro 2nd Gen,3,249,747
140,2025-04-04,1:49 PM,CUST140,Male,38,Appliances,iRobot Roomba j7+,1,599,599
141,2025-08-29,4:46 PM,CUST141,Female,22,Computers & Accessories,Samsung T7 Portable SSD 1TB,1,89,89
142,2025-09-18,9:41 PM,CUST142,Male,35,Laptops,MacBook Air M3,2,1299,2598
143,2025-05-31,7:15 PM,CUST143,Female,45,Audio,Sonos Era 300,1,449,449
144,2025-12-05,12:16 PM,CUST144,Female,59,Cameras,Sony Alpha a7 IV,2,2499,4998
145,2025-08-09,2:38 PM,CUST145,Female,39,Smart Home,Philips Hue Starter Kit,3,199,597
146,2025-05-10,1:48 PM,CUST146,Male,38,Computers & Accessories,"LG 27"" UltraGear Gaming Monitor",3,399,1197
147,2025-09-15,5:11 PM,CUST147,Male,23,Laptops,"MacBook Pro 14""",1,1999,1999
148,2025-11-07,8:40 PM,CUST148,Male,18,Audio,Samsung Galaxy Buds2 Pro,2,199,398
149,2025-05-07,4:48 PM,CUST149,Male,22,Audio,AirPods Pro 2nd Gen,3,249,747
150,2025-06-21,5:37 PM,CUST150,Female,58,Appliances,Dyson V15 Detect Vacuum,2,749,1498
151,2025-12-30,4:59 PM,CUST151,Male,29,Computers & Accessories,Samsung T7 Portable SSD 1TB,1,89,89
152,2025-10-17,7:41 PM,CUST152,Male,43,Smartphones,Samsung Galaxy S24+,2,1099,2198
153,2025-08-15,5:39 PM,CUST153,Male,63,TVs,"TCL 50"" 4K Roku TV",2,499,998
154,2025-09-10,2:40 PM,CUST154,Male,51,TVs,"TCL 50"" 4K Roku TV",3,499,1497
155,2025-04-01,2:28 PM,CUST155,Male,31,Tablets,Amazon Fire HD 10,4,149,596
156,2025-05-16,12:28 PM,CUST156,Female,43,Smart Home,Arlo Pro 4 Security Camera,4,199,796
157,2025-07-03,5:50 PM,CUST157,Male,62,Tablets,Microsoft Surface Go 3,3,399,1197
158,2025-09-27,3:03 PM,CUST158,Female,44,Laptops,"MacBook Pro 14""",2,1999,3998
159,2025-05-17,4:04 PM,CUST159,Male,26,Audio,AirPods Pro 2nd Gen,3,249,747
160,2025-05-14,2:28 PM,CUST160,Female,43,Computers & Accessories,Seagate 4TB External HDD,2,99,198
161,2025-03-09,11:23 AM,CUST161,Male,64,Tablets,iPad 10th Gen,2,449,898
162,2025-10-11,7:04 PM,CUST162,Male,39,Computers & Accessories,Anker 65W USB-C Charger,2,45,90
163,2025-05-17,6:54 PM,CUST163,Female,64,Audio,Sony WH-1000XM5 Headphones,3,349,1047
164,2025-12-12,12:38 PM,CUST164,Female,47,Cameras,DJI Mini 4 Pro Drone,2,759,1518
165,2025-12-01,4:29 PM,CUST165,Female,60,Appliances,Ninja Foodi Air Fryer,4,199,796
166,2025-03-09,5:50 PM,CUST166,Male,34,Tablets,"iPad Pro 12.9""",2,1099,2198
167,2025-05-21,6:02 PM,CUST167,Female,43,Smart Home,Ring Video Doorbell Pro 2,3,249,747
168,2025-10-24,4:51 PM,CUST168,Male,53,Tablets,"iPad Pro 12.9""",1,1099,1099
169,2025-05-11,5:12 PM,CUST169,Male,18,Tablets,"iPad Pro 12.9""",2,1099,2198
170,2025-04-06,2:30 PM,CUST170,Female,25,Smart Home,Nest Learning Thermostat,2,249,498
171,2025-12-18,4:03 PM,CUST171,Female,52,Appliances,Dyson V15 Detect Vacuum,2,749,1498
172,2025-09-23,4:51 PM,CUST172,Male,32,Appliances,iRobot Roomba j7+,2,599,1198
173,2025-08-28,8:21 PM,CUST173,Male,64,Audio,Sonos Era 300,3,449,1347
174,2025-11-17,9:05 PM,CUST174,Female,39,Cameras,Fujifilm X-T5,1,1699,1699
175,2025-11-22,5:11 PM,CUST175,Female,31,Computers & Accessories,Apple Magic Keyboard,4,99,396
176,2025-05-02,11:45 AM,CUST176,Female,43,Computers & Accessories,Anker 65W USB-C Charger,2,45,90
177,2025-03-21,4:28 PM,CUST177,Male,45,Appliances,Instant Pot Duo 7-in-1,2,99,198
178,2025-08-11,4:39 PM,CUST178,Male,40,Computers & Accessories,Apple Magic Keyboard,2,99,198
179,2025-08-09,1:23 PM,CUST179,Male,31,Cameras,Canon EOS R50,1,699,699
180,2025-08-25,8:24 PM,CUST180,Male,41,Smart Home,Google Nest Hub Max,3,229,687
181,2025-11-07,4:21 PM,CUST181,Male,19,TVs,"Samsung 65"" QLED 4K TV",2,1299,2598
182,2025-10-24,6:03 PM,CUST182,Male,62,Computers & Accessories,Samsung T7 Portable SSD 1TB,4,89,356
183,2025-12-27,6:41 PM,CUST183,Female,43,Tablets,iPad 10th Gen,3,449,1347
184,2025-03-22,4:21 PM,CUST184,Male,31,Audio,Sony WH-1000XM5 Headphones,3,349,1047
185,2025-08-01,12:43 PM,CUST185,Male,24,Smart Home,Nest Learning Thermostat,1,249,249
186,2025-07-04,4:16 PM,CUST186,Male,20,Smart Home,Amazon Echo Show 10,3,249,747
187,2025-12-03,6:42 PM,CUST187,Female,64,Computers & Accessories,Apple Magic Keyboard,2,99,198
188,2025-05-24,8:38 PM,CUST188,Male,40,Computers & Accessories,Logitech MX Master 3 Mouse,3,99,297
189,2025-05-02,7:21 PM,CUST189,Male,63,Smart Home,Amazon Echo Show 10,1,249,249
190,2025-08-18,11:42 AM,CUST190,Female,60,Computers & Accessories,Samsung T7 Portable SSD 1TB,3,89,267
191,2025-08-08,1:22 PM,CUST191,Male,64,Appliances,Vitamix E310 Blender,1,349,349
192,2025-06-06,3:41 PM,CUST192,Male,62,Smart Home,Philips Hue Starter Kit,2,199,398
193,2025-05-24,6:25 PM,CUST193,Male,35,Tablets,iPad 10th Gen,3,449,1347
194,2025-12-15,12:45 PM,CUST194,Male,55,Computers & Accessories,Anker 65W USB-C Charger,4,45,180
195,2025-08-16,8:19 PM,CUST195,Male,52,Smart Home,Amazon Echo Show 10,1,249,249
196,2025-12-03,5:41 PM,CUST196,Female,32,Gaming,Xbox Series X,3,499,1497
197,2025-09-18,7:52 PM,CUST197,Female,42,Audio,Sony WH-1000XM5 Headphones,3,349,1047
198,2025-02-28,12:44 PM,CUST198,Female,54,Cameras,Nikon Z50,2,859,1718
199,2025-12-31,7:47 PM,CUST199,Male,45,Tablets,iPad Air M1,2,749,1498
200,2025-11-28,9:58 PM,CUST200,Male,27,Smart Home,Amazon Echo Show 10,3,249,747
201,2025-12-25,4:41 PM,CUST201,Male,56,Smart Home,Arlo Pro 4 Security Camera,1,199,199
202,2025-12-15,5:32 PM,CUST202,Female,34,Smart Home,Nest Learning Thermostat,3,249,747
203,2025-11-29,4:23 PM,CUST203,Male,56,Smart Home,Philips Hue Starter Kit,2,199,398
204,2025-04-21,2:13 PM,CUST204,Male,39,Smart Home,Amazon Echo Show 10,1,249,249
205,2025-09-01,2:49 PM,CUST205,Female,43,Computers & Accessories,"LG 27"" UltraGear Gaming Monitor",1,399,399
206,2025-05-11,4:14 PM,CUST206,Male,61,Smart Home,Google Nest Hub Max,1,229,229
207,2025-08-01,9:09 PM,CUST207,Female,42,Smart Home,Ring Video Doorbell Pro 2,2,249,498
208,2025-03-03,11:54 AM,CUST208,Female,34,Audio,Bose QuietComfort 45,3,279,837
209,2025-07-21,7:32 PM,CUST209,Female,30,Smart Home,Arlo Pro 4 Security Camera,4,199,796
210,2025-12-27,6:53 PM,CUST210,Male,37,Computers & Accessories,Logitech MX Master 3 Mouse,4,99,396
211,2025-05-31,6:33 PM,CUST211,Male,42,Tablets,Microsoft Surface Go 3,3,399,1197
212,2025-11-17,11:21 AM,CUST212,Male,21,Appliances,Ninja Foodi Air Fryer,3,199,597
213,2025-08-22,7:39 PM,CUST213,Male,27,Cameras,Sony Alpha a7 IV,2,2499,4998
214,2025-08-09,1:24 PM,CUST214,Male,20,Computers & Accessories,Anker 65W USB-C Charger,2,45,90
215,2025-12-22,12:11 PM,CUST215,Male,58,Tablets,iPad 10th Gen,3,449,1347
216,2025-12-30,7:49 PM,CUST216,Male,62,Audio,Bose QuietComfort 45,2,279,558
217,2025-09-19,5:57 PM,CUST217,Female,35,Smart Home,Google Nest Hub Max,3,229,687
218,2025-11-05,12:28 PM,CUST218,Male,64,Computers & Accessories,"LG 27"" UltraGear Gaming Monitor",3,399,1197
219,2025-04-17,11:23 AM,CUST219,Female,53,Computers & Accessories,Apple Magic Keyboard,3,99,297
220,2025-06-14,6:15 PM,CUST220,Male,64,Cameras,GoPro Hero 12,1,399,399
221,2025-12-25,9:39 PM,CUST221,Male,39,Cameras,Nikon Z50,2,859,1718
222,2025-09-26,3:47 PM,CUST222,Male,51,Computers & Accessories,Anker 65W USB-C Charger,4,45,180
223,2025-09-15,6:14 PM,CUST223,Female,64,Computers & Accessories,Apple Magic Keyboard,1,99,99
224,2025-11-10,4:19 PM,CUST224,Female,25,Smart Home,Google Nest Hub Max,1,229,229
225,2025-03-02,9:50 PM,CUST225,Female,57,Appliances,Vitamix E310 Blender,3,349,1047
226,2025-09-26,5:53 PM,CUST226,Female,61,Computers & Accessories,Logitech MX Master 3 Mouse,1,99,99
227,2025-09-06,1:43 PM,CUST227,Male,36,Smart Home,Nest Learning Thermostat,2,249,498
228,2025-11-30,8:28 PM,CUST228,Female,59,Appliances,Dyson V15 Detect Vacuum,2,749,1498
229,2025-04-18,4:18 PM,CUST229,Male,58,Computers & Accessories,Anker 65W USB-C Charger,3,45,135
230,2025-12-22,6:32 PM,CUST230,Male,54,Smart Home,Google Nest Hub Max,1,229,229
231,2025-03-14,5:10 PM,CUST231,Female,23,Smart Home,Arlo Pro 4 Security Camera,3,199,597
232,2025-05-01,7:51 PM,CUST232,Female,43,Computers & Accessories,Apple Magic Keyboard,1,99,99
233,2025-09-29,5:55 PM,CUST233,Female,51,Cameras,Nikon Z50,2,859,1718
234,2025-10-25,3:41 PM,CUST234,Female,62,Audio,Samsung Galaxy Buds2 Pro,2,199,398
235,2025-05-19,4:23 PM,CUST235,Female,23,Smartphones,Samsung Galaxy S24+,2,1099,2198
236,2025-03-31,5:06 PM,CUST236,Female,54,Computers & Accessories,Logitech MX Master 3 Mouse,1,99,99
237,2025-12-08,6:33 PM,CUST237,Female,50,Audio,Bose QuietComfort 45,2,279,558
238,2025-05-23,7:18 PM,CUST238,Female,39,Audio,AirPods Pro 2nd Gen,1,249,249
239,2025-09-29,11:10 AM,CUST239,Male,38,Laptops,MacBook Air M3,2,1299,2598
240,2025-10-06,1:57 PM,CUST240,Female,23,Tablets,iPad Air M1,1,749,749
241,2025-08-08,5:53 PM,CUST241,Female,23,Appliances,Instant Pot Duo 7-in-1,3,99,297
242,2025-09-26,4:58 PM,CUST242,Male,21,Audio,Sony WH-1000XM5 Headphones,1,349,349
243,2025-09-11,1:28 PM,CUST243,Female,47,TVs,"Sony 75"" Bravia XR",2,1999,3998
244,2025-12-18,8:59 PM,CUST244,Male,28,Appliances,Ninja Foodi Air Fryer,2,199,398
245,2025-05-08,10:03 AM,CUST245,Male,47,Audio,JBL Charge 5 Speaker,3,149,447
246,2025-11-05,3:23 PM,CUST246,Female,48,Computers & Accessories,"LG 27"" UltraGear Gaming Monitor",2,399,798
247,2025-05-21,1:05 PM,CUST247,Male,41,Audio,Bose QuietComfort 45,2,279,558
248,2025-07-29,3:01 PM,CUST248,Male,26,Tablets,iPad 10th Gen,3,449,1347
249,2025-10-24,4:06 PM,CUST249,Male,20,Audio,Sony WH-1000XM5 Headphones,1,349,349
250,2025-06-15,7:41 PM,CUST250,Male,48,Audio,Sonos Era 300,1,449,449
251,2025-06-22,2:09 PM,CUST251,Female,57,Smart Home,Amazon Echo Show 10,3,249,747
252,2025-11-12,12:18 PM,CUST252,Male,54,Tablets,Samsung Galaxy Tab S9,1,799,799
253,2025-03-10,8:30 PM,CUST253,Female,53,Appliances,Ninja Foodi Air Fryer,4,199,796
254,2025-08-22,6:08 PM,CUST254,Male,41,Gaming,PlayStation 5,1,499,499
255,2025-12-31,6:30 PM,CUST255,Male,48,Audio,Sonos Era 300,1,449,449
256,2025-12-31,4:00 PM,CUST256,Male,23,Tablets,Samsung Galaxy Tab S9,2,799,1598
257,2025-03-10,8:01 PM,CUST257,Male,19,Cameras,Nikon Z50,2,859,1718
258,2025-05-10,3:53 PM,CUST258,Female,37,Audio,Sony WH-1000XM5 Headphones,1,349,349
259,2025-05-31,1:46 PM,CUST259,Female,45,Smart Home,Philips Hue Starter Kit,4,199,796
260,2025-12-18,5:27 PM,CUST260,Male,28,Appliances,Vitamix E310 Blender,2,349,698
261,2025-12-06,12:18 PM,CUST261,Male,21,Smart Home,Arlo Pro 4 Security Camera,2,199,398
262,2025-12-06,2:07 PM,CUST262,Female,32,Appliances,iRobot Roomba j7+,2,599,1198
263,2025-07-18,11:26 AM,CUST263,Male,23,Smart Home,Google Nest Hub Max,2,229,458
264,2025-04-18,5:39 PM,CUST264,Male,47,Gaming,PlayStation 5 Controller,3,69,207
265,2025-11-28,4:07 PM,CUST265,Male,55,Smart Home,Philips Hue Starter Kit,3,199,597
266,2025-11-02,7:31 PM,CUST266,Female,19,Computers & Accessories,Anker 65W USB-C Charger,2,45,90
267,2025-10-04,5:01 PM,CUST267,Female,32,Computers & Accessories,Anker 65W USB-C Charger,3,45,135
268,2025-12-28,5:36 PM,CUST268,Female,28,Computers & Accessories,Seagate 4TB External HDD,1,99,99
269,2025-10-18,2:09 PM,CUST269,Male,25,Smart Home,Arlo Pro 4 Security Camera,4,199,796
270,2025-01-10,3:00 PM,CUST270,Male,43,Cameras,GoPro Hero 12,1,399,399
271,2025-11-23,5:15 PM,CUST271,Female,62,Smart Home,Arlo Pro 4 Security Camera,4,199,796
272,2025-06-15,5:11 PM,CUST272,Female,61,Computers & Accessories,Seagate 4TB External HDD,2,99,198
273,2025-10-21,5:05 PM,CUST273,Female,22,Computers & Accessories,Logitech MX Master 3 Mouse,1,99,99
274,2025-12-19,5:23 PM,CUST274,Female,23,Appliances,Vitamix E310 Blender,2,349,698
275,2025-04-07,11:33 AM,CUST275,Male,43,Appliances,Vitamix E310 Blender,2,349,698
276,2025-03-29,5:50 PM,CUST276,Female,21,Appliances,iRobot Roomba j7+,2,599,1198
277,2025-03-26,9:35 PM,CUST277,Male,36,Smart Home,Philips Hue Starter Kit,4,199,796
278,2025-09-19,10:55 AM,CUST278,Female,37,Audio,Samsung Galaxy Buds2 Pro,4,199,796
279,2025-06-02,4:40 PM,CUST279,Male,50,Gaming,Nintendo Switch OLED,1,349,349
280,2025-10-03,4:23 PM,CUST280,Female,37,Smart Home,Nest Learning Thermostat,3,249,747
281,2025-11-05,1:01 PM,CUST281,Female,29,Audio,Sonos Era 300,3,449,1347
282,2025-05-08,3:04 PM,CUST282,Female,64,Computers & Accessories,Samsung T7 Portable SSD 1TB,4,89,356
283,2025-10-11,4:46 PM,CUST283,Female,18,Cameras,Fujifilm X-T5,1,1699,1699
284,2025-05-30,6:06 PM,CUST284,Male,43,Smart Home,Nest Learning Thermostat,3,249,747
285,2025-09-02,6:47 PM,CUST285,Female,31,Appliances,Vitamix E310 Blender,1,349,349
286,2025-12-12,6:08 PM,CUST286,Male,55,Smart Home,Arlo Pro 4 Security Camera,2,199,398
287,2025-11-29,11:34 AM,CUST287,Male,54,Computers & Accessories,Apple Magic Keyboard,4,99,396
288,2025-03-19,2:41 PM,CUST288,Male,28,Smart Home,Arlo Pro 4 Security Camera,4,199,796
289,2025-08-09,1:49 PM,CUST289,Male,53,Computers & Accessories,"LG 27"" UltraGear Gaming Monitor",2,399,798
290,2025-06-05,6:44 PM,CUST290,Female,30,Cameras,Nikon Z50,2,859,1718
291,2025-01-04,5:11 PM,CUST291,Male,60,Smart Home,Nest Learning Thermostat,2,249,498
292,2025-11-15,7:04 PM,CUST292,Male,20,Cameras,Canon EOS R50,2,699,1398
293,2025-10-12,6:29 PM,CUST293,Male,50,Audio,Sony WH-1000XM5 Headphones,3,349,1047
294,2025-05-30,11:12 AM,CUST294,Female,23,Computers & Accessories,Samsung T7 Portable SSD 1TB,3,89,267
295,2025-11-09,11:12 AM,CUST295,Female,27,Tablets,"iPad Pro 12.9""",2,1099,2198
296,2025-09-19,7:20 PM,CUST296,Female,22,Appliances,Keurig K-Elite Coffee Maker,4,149,596
297,2025-08-10,8:32 PM,CUST297,Female,40,Tablets,iPad 10th Gen,2,449,898
298,2025-01-11,4:52 PM,CUST298,Male,27,Cameras,Nikon Z50,2,859,1718
299,2025-03-11,4:16 PM,CUST299,Male,61,Tablets,Microsoft Surface Go 3,2,399,798
300,2025-12-06,11:41 AM,CUST300,Female,19,Appliances,Keurig K-Elite Coffee Maker,4,149,596
301,2025-12-12,1:22 PM,CUST301,Male,30,Computers & Accessories,Logitech MX Master 3 Mouse,4,99,396
302,2025-09-17,7:03 PM,CUST302,Male,57,Tablets,Amazon Fire HD 10,2,149,298
303,2025-11-28,7:21 PM,CUST303,Male,19,Audio,Sony WH-1000XM5 Headphones,3,349,1047
304,2025-09-26,3:51 PM,CUST304,Female,37,Appliances,iRobot Roomba j7+,2,599,1198
305,2025-04-13,3:56 PM,CUST305,Female,18,Computers & Accessories,Anker 65W USB-C Charger,1,45,45
306,2025-04-04,4:28 PM,CUST306,Male,54,Appliances,Dyson V15 Detect Vacuum,1,749,749
307,2025-06-20,7:24 PM,CUST307,Female,26,Smart Home,Ring Video Doorbell Pro 2,2,249,498
308,2025-12-11,2:11 PM,CUST308,Female,34,Audio,AirPods Pro 2nd Gen,3,249,747
309,2025-11-20,4:31 PM,CUST309,Female,26,Smart Home,Arlo Pro 4 Security Camera,1,199,199
310,2025-12-02,3:51 PM,CUST310,Female,28,Appliances,Ninja Foodi Air Fryer,1,199,199
311,2025-12-11,4:51 PM,CUST311,Female,32,Appliances,Instant Pot Duo 7-in-1,4,99,396
312,2025-05-10,12:27 PM,CUST312,Male,41,Audio,Sonos Era 300,3,449,1347
313,2025-05-24,12:38 PM,CUST313,Female,55,Tablets,iPad 10th Gen,3,449,1347
314,2025-03-23,9:11 PM,CUST314,Male,52,Audio,Sonos Era 300,3,449,1347
315,2025-11-16,4:20 PM,CUST315,Male,47,Audio,AirPods Pro 2nd Gen,2,249,498
316,2025-12-06,12:20 PM,CUST316,Female,48,Smart Home,Google Nest Hub Max,2,229,458
317,2025-08-02,6:19 PM,CUST317,Male,22,Appliances,Instant Pot Duo 7-in-1,3,99,297
318,2025-10-08,3:45 PM,CUST318,Male,61,Computers & Accessories,Anker 65W USB-C Charger,1,45,45
319,2025-04-17,3:44 PM,CUST319,Male,31,Smart Home,Philips Hue Starter Kit,1,199,199
320,2025-12-17,3:28 PM,CUST320,Female,28,Cameras,Nikon Z50,2,859,1718
321,2025-12-03,11:55 AM,CUST321,Female,26,Smart Home,Amazon Echo Show 10,2,249,498
322,2025-12-26,7:39 PM,CUST322,Male,51,Cameras,Sony Alpha a7 IV,1,2499,2499
323,2025-11-22,9:17 PM,CUST323,Female,29,Tablets,Samsung Galaxy Tab S9,2,799,1598
324,2025-12-06,5:50 PM,CUST324,Female,52,Smart Home,Amazon Echo Show 10,3,249,747
325,2025-01-29,8:04 PM,CUST325,Female,52,Computers & Accessories,Apple Magic Keyboard,2,99,198
326,2025-11-08,6:25 PM,CUST326,Female,18,Smart Home,Ring Video Doorbell Pro 2,3,249,747
327,2025-06-30,3:51 PM,CUST327,Male,57,Smart Home,Nest Learning Thermostat,3,249,747
328,2025-12-17,6:10 PM,CUST328,Male,39,Computers & Accessories,Samsung T7 Portable SSD 1TB,2,89,178
329,2025-11-21,8:09 PM,CUST329,Female,46,Smart Home,Arlo Pro 4 Security Camera,4,199,796
330,2025-12-03,7:43 PM,CUST330,Female,25,Computers & Accessories,"LG 27"" UltraGear Gaming Monitor",3,399,1197
331,2025-11-22,6:02 PM,CUST331,Male,28,Appliances,Keurig K-Elite Coffee Maker,3,149,447
332,2025-05-31,12:15 PM,CUST332,Male,58,TVs,"Hisense 65"" U8K",2,799,1598
333,2025-11-18,6:23 PM,CUST333,Female,54,Cameras,Fujifilm X-T5,2,1699,3398
334,2025-03-27,3:36 PM,CUST334,Male,31,Smartphones,iPhone 15 Pro,2,1199,2398
335,2025-12-05,11:09 AM,CUST335,Female,47,Smart Home,Google Nest Hub Max,3,229,687
336,2025-12-01,6:23 PM,CUST336,Female,52,Appliances,Vitamix E310 Blender,3,349,1047
337,2025-05-15,3:48 PM,CUST337,Male,38,Gaming,Xbox Elite Controller Series 2,1,179,179
338,2025-11-23,11:08 AM,CUST338,Male,54,Smart Home,Google Nest Hub Max,2,229,458
339,2025-08-23,5:25 PM,CUST339,Female,22,Audio,Bose QuietComfort 45,2,279,558
340,2025-06-18,2:17 PM,CUST340,Female,36,Smart Home,Google Nest Hub Max,3,229,687
341,2025-11-20,1:07 PM,CUST341,Male,31,Audio,Sonos Era 300,3,449,1347
342,2025-05-16,11:11 AM,CUST342,Female,43,Tablets,Microsoft Surface Go 3,3,399,1197
343,2025-01-27,4:24 PM,CUST343,Male,21,Smart Home,Amazon Echo Show 10,2,249,498
344,2025-05-03,8:07 PM,CUST344,Female,42,Smart Home,Google Nest Hub Max,1,229,229
345,2025-06-28,3:16 PM,CUST345,Male,62,Audio,Samsung Galaxy Buds2 Pro,1,199,199
346,2025-12-03,6:13 PM,CUST346,Male,59,Smart Home,Arlo Pro 4 Security Camera,2,199,398
347,2025-12-25,9:18 PM,CUST347,Male,42,Appliances,Vitamix E310 Blender,1,349,349
348,2025-06-06,6:31 PM,CUST348,Female,35,Laptops,HP Spectre x360,2,1499,2998
349,2025-10-14,1:08 PM,CUST349,Female,57,Computers & Accessories,Seagate 4TB External HDD,1,99,99
350,2025-08-01,7:28 PM,CUST350,Male,25,Appliances,Dyson V15 Detect Vacuum,2,749,1498
351,2025-12-27,1:45 PM,CUST351,Female,56,Audio,Sonos Era 300,3,449,1347
352,2025-09-14,3:05 PM,CUST352,Male,57,Gaming,PlayStation 5 Controller,2,69,138
353,2025-12-19,7:54 PM,CUST353,Male,31,Smartphones,iPhone 15,1,999,999
354,2025-03-29,9:42 PM,CUST354,Female,49,Appliances,Keurig K-Elite Coffee Maker,4,149,596
355,2025-12-26,4:04 PM,CUST355,Female,55,Laptops,HP Spectre x360,1,1499,1499
356,2025-04-27,4:18 PM,CUST356,Male,50,Laptops,MacBook Air M3,2,1299,2598
357,2025-12-24,8:54 PM,CUST357,Female,40,Computers & Accessories,Samsung T7 Portable SSD 1TB,3,89,267
358,2025-05-31,1:45 PM,CUST358,Female,32,Audio,AirPods Pro 2nd Gen,1,249,249
359,2025-03-27,8:40 PM,CUST359,Male,50,Audio,Bose QuietComfort 45,1,279,279
360,2025-08-14,12:23 PM,CUST360,Male,42,Audio,Samsung Galaxy Buds2 Pro,4,199,796
361,2025-11-07,5:07 PM,CUST361,Female,34,TVs,"TCL 50"" 4K Roku TV",3,499,1497
362,2025-06-21,9:50 PM,CUST362,Male,50,Audio,Sony WH-1000XM5 Headphones,1,349,349
363,2025-10-03,1:50 PM,CUST363,Male,64,Smart Home,Ring Video Doorbell Pro 2,1,249,249
364,2025-09-07,4:23 PM,CUST364,Female,19,Tablets,iPad 10th Gen,1,449,449
365,2025-07-25,5:23 PM,CUST365,Male,31,Gaming,Nintendo Switch OLED,1,349,349
366,2025-09-25,4:35 PM,CUST366,Male,57,Computers & Accessories,Anker 65W USB-C Charger,2,45,90
367,2025-05-26,12:56 PM,CUST367,Female,57,Audio,JBL Charge 5 Speaker,1,149,149
368,2025-11-03,11:19 AM,CUST368,Female,56,Gaming,PlayStation 5,3,499,1497
369,2025-01-03,4:45 PM,CUST369,Male,23,Laptops,"MacBook Pro 14""",2,1999,3998
370,2025-12-15,6:33 PM,CUST370,Male,23,Audio,Sonos Era 300,2,449,898
371,2025-09-14,3:26 PM,CUST371,Female,20,Computers & Accessories,Logitech MX Master 3 Mouse,1,99,99
372,2025-11-06,7:04 PM,CUST372,Female,24,Cameras,Fujifilm X-T5,2,1699,3398
373,2025-11-09,12:20 PM,CUST373,Female,25,Tablets,"iPad Pro 12.9""",2,1099,2198
374,2025-10-24,6:28 PM,CUST374,Female,59,Appliances,iRobot Roomba j7+,2,599,1198
375,2025-07-14,4:33 PM,CUST375,Male,32,Audio,JBL Charge 5 Speaker,1,149,149
376,2025-03-08,4:56 PM,CUST376,Female,64,Smart Home,Amazon Echo Show 10,1,249,249
377,2025-10-22,7:35 PM,CUST377,Female,46,Computers & Accessories,Seagate 4TB External HDD,4,99,396
378,2025-06-29,5:11 PM,CUST378,Male,50,Tablets,Amazon Fire HD 10,1,149,149
379,2025-06-21,6:08 PM,CUST379,Female,47,Smart Home,Ring Video Doorbell Pro 2,1,249,249
380,2025-11-29,4:58 PM,CUST380,Male,56,Laptops,Dell XPS 15,2,1799,3598
381,2025-11-06,7:53 PM,CUST381,Female,44,Computers & Accessories,Seagate 4TB External HDD,4,99,396
382,2025-06-15,12:09 PM,CUST382,Female,53,Gaming,Nintendo Switch OLED,2,349,698
383,2025-06-20,3:10 PM,CUST383,Female,46,Appliances,Vitamix E310 Blender,3,349,1047
384,2025-08-03,2:45 PM,CUST384,Male,55,Appliances,Keurig K-Elite Coffee Maker,1,149,149
385,2025-08-01,2:33 PM,CUST385,Male,50,Tablets,iPad Air M1,2,749,1498
386,2025-06-13,7:54 PM,CUST386,Female,54,Smartphones,Google Pixel 8,2,699,1398
387,2025-04-04,12:12 PM,CUST387,Male,44,Appliances,Vitamix E310 Blender,1,349,349
388,2025-08-08,5:35 PM,CUST388,Male,50,Smart Home,Ring Video Doorbell Pro 2,1,249,249
389,2025-12-19,3:40 PM,CUST389,Male,21,Smart Home,Amazon Echo Show 10,2,249,498
390,2025-10-25,3:34 PM,CUST390,Male,39,Audio,Sonos Era 300,2,449,898
391,2025-12-11,12:41 PM,CUST391,Male,19,Computers & Accessories,Apple Magic Keyboard,2,99,198
392,2025-10-05,12:37 PM,CUST392,Male,27,Appliances,Vitamix E310 Blender,2,349,698
393,2025-06-15,12:42 PM,CUST393,Female,22,Audio,Sony WH-1000XM5 Headphones,2,349,698
394,2025-09-18,5:57 PM,CUST394,Female,27,Smart Home,Ring Video Doorbell Pro 2,1,249,249
395,2025-01-01,5:53 PM,CUST395,Male,50,Cameras,Fujifilm X-T5,2,1699,3398
396,2025-06-09,8:02 PM,CUST396,Female,55,Computers & Accessories,Samsung T7 Portable SSD 1TB,1,89,89
397,2025-08-11,7:01 PM,CUST397,Female,30,Smart Home,Arlo Pro 4 Security Camera,1,199,199
398,2025-09-26,12:41 PM,CUST398,Female,48,Appliances,Vitamix E310 Blender,2,349,698
399,2025-10-18,6:16 PM,CUST399,Female,64,Computers & Accessories,Samsung T7 Portable SSD 1TB,2,89,178
400,2025-08-24,5:49 PM,CUST400,Male,53,Computers & Accessories,Anker 65W USB-C Charger,4,45,180
401,2025-08-16,5:39 PM,CUST401,Female,62,Smart Home,Philips Hue Starter Kit,1,199,199
402,2025-05-11,5:31 PM,CUST402,Female,41,Appliances,Keurig K-Elite Coffee Maker,2,149,298
403,2025-08-29,7:34 PM,CUST403,Male,32,Appliances,Vitamix E310 Blender,2,349,698
404,2025-12-11,2:19 PM,CUST404,Male,46,Gaming,Nintendo Switch OLED,2,349,698
405,2025-11-20,4:51 PM,CUST405,Female,25,Smart Home,Nest Learning Thermostat,3,249,747
406,2025-04-24,7:25 PM,CUST406,Female,22,Computers & Accessories,Apple Magic Keyboard,4,99,396
407,2025-03-15,3:04 PM,CUST407,Female,46,Cameras,Canon EOS R50,2,699,1398
408,2025-09-09,6:10 PM,CUST408,Female,64,Audio,Sonos Era 300,1,449,449
409,2025-10-11,4:30 PM,CUST409,Female,21,Gaming,PlayStation 5 Controller,3,69,207
410,2025-07-02,4:21 PM,CUST410,Female,29,Audio,Bose QuietComfort 45,2,279,558
411,2025-11-24,5:20 PM,CUST411,Male,62,Audio,Samsung Galaxy Buds2 Pro,4,199,796
412,2025-11-11,7:20 PM,CUST412,Female,19,TVs,"LG 55"" OLED TV",2,1499,2998
413,2025-10-24,6:55 PM,CUST413,Female,44,Smart Home,Nest Learning Thermostat,3,249,747
414,2025-05-16,4:25 PM,CUST414,Male,48,Smart Home,Amazon Echo Show 10,3,249,747
415,2025-05-05,12:23 PM,CUST415,Male,53,Audio,Bose QuietComfort 45,2,279,558
416,2025-01-28,4:06 PM,CUST416,Male,53,Gaming,PlayStation 5 Controller,4,69,276
417,2025-05-23,4:29 PM,CUST417,Male,43,TVs,"Hisense 65"" U8K",2,799,1598
418,2025-08-29,12:28 PM,CUST418,Female,60,Smartphones,Google Pixel 8,2,699,1398
419,2025-11-29,2:06 PM,CUST419,Female,44,Computers & Accessories,"LG 27"" UltraGear Gaming Monitor",3,399,1197
420,2025-03-10,11:24 AM,CUST420,Female,22,Tablets,Amazon Fire HD 10,4,149,596
421,2025-08-06,7:26 PM,CUST421,Female,37,Appliances,Keurig K-Elite Coffee Maker,3,149,447
422,2025-10-10,2:55 PM,CUST422,Female,28,Smart Home,Nest Learning Thermostat,3,249,747
423,2025-05-03,7:52 PM,CUST423,Female,27,Smart Home,Google Nest Hub Max,1,229,229
424,2025-11-01,4:36 PM,CUST424,Male,57,Tablets,Amazon Fire HD 10,4,149,596
425,2025-09-04,6:12 PM,CUST425,Female,55,Appliances,Keurig K-Elite Coffee Maker,4,149,596
426,2025-05-23,6:31 PM,CUST426,Male,23,Audio,Sony WH-1000XM5 Headphones,3,349,1047
427,2025-10-18,9:29 PM,CUST427,Male,25,Computers & Accessories,Logitech MX Master 3 Mouse,1,99,99
428,2025-01-06,4:19 PM,CUST428,Female,40,Appliances,Vitamix E310 Blender,3,349,1047
429,2025-11-11,4:05 PM,CUST429,Male,64,Smart Home,Amazon Echo Show 10,2,249,498
430,2025-11-15,8:32 PM,CUST430,Female,43,Tablets,iPad 10th Gen,3,449,1347
431,2025-03-26,4:15 PM,CUST431,Male,63,TVs,"TCL 50"" 4K Roku TV",3,499,1497
432,2025-08-09,2:22 PM,CUST432,Female,60,Gaming,Xbox Elite Controller Series 2,2,179,358
433,2025-04-26,11:18 AM,CUST433,Male,29,Smart Home,Google Nest Hub Max,3,229,687
434,2025-12-22,4:56 PM,CUST434,Female,43,Computers & Accessories,Apple Magic Keyboard,2,99,198
435,2025-09-10,7:43 PM,CUST435,Female,30,Tablets,Microsoft Surface Go 3,3,399,1197
436,2025-02-27,4:34 PM,CUST436,Female,57,Audio,Bose QuietComfort 45,3,279,837
437,2025-05-24,10:06 AM,CUST437,Female,35,TVs,"LG 55"" OLED TV",2,1499,2998
438,2025-11-29,4:56 PM,CUST438,Female,42,Computers & Accessories,Anker 65W USB-C Charger,1,45,45
439,2025-08-22,3:23 PM,CUST439,Male,50,Computers & Accessories,Apple Magic Keyboard,3,99,297
440,2025-11-21,6:23 PM,CUST440,Male,64,Gaming,PlayStation 5 Controller,2,69,138
441,2025-10-23,11:03 AM,CUST441,Male,57,Tablets,Amazon Fire HD 10,4,149,596
442,2025-12-28,5:12 PM,CUST442,Female,60,Computers & Accessories,Logitech MX Master 3 Mouse,4,99,396
443,2025-09-29,3:18 PM,CUST443,Male,29,Tablets,Amazon Fire HD 10,2,149,298
444,2025-12-20,12:32 PM,CUST444,Female,61,Audio,Bose QuietComfort 45,3,279,837
445,2025-12-08,4:35 PM,CUST445,Female,53,Tablets,iPad 10th Gen,1,449,449
446,2025-10-04,3:39 PM,CUST446,Male,21,Computers & Accessories,"LG 27"" UltraGear Gaming Monitor",1,399,399
447,2025-11-06,6:07 PM,CUST447,Male,22,Cameras,GoPro Hero 12,3,399,1197
448,2025-09-06,12:06 PM,CUST448,Female,54,Computers & Accessories,Apple Magic Keyboard,2,99,198
449,2025-11-27,3:50 PM,CUST449,Male,25,Smart Home,Amazon Echo Show 10,3,249,747
450,2025-09-18,9:35 PM,CUST450,Female,59,Computers & Accessories,Anker 65W USB-C Charger,2,45,90
451,2025-12-10,8:48 PM,CUST451,Female,45,Smart Home,Amazon Echo Show 10,1,249,249
452,2025-11-09,12:38 PM,CUST452,Female,48,Gaming,PlayStation 5,3,499,1497
453,2025-08-29,5:32 PM,CUST453,Female,26,Smart Home,Arlo Pro 4 Security Camera,2,199,398
454,2025-05-29,11:02 AM,CUST454,Female,46,Computers & Accessories,Anker 65W USB-C Charger,1,45,45
455,2025-05-24,1:21 PM,CUST455,Male,31,Appliances,Dyson V15 Detect Vacuum,2,749,1498
456,2025-10-12,7:33 PM,CUST456,Male,57,Audio,Sonos Era 300,2,449,898
457,2025-11-14,4:38 PM,CUST457,Female,58,Audio,Samsung Galaxy Buds2 Pro,3,199,597
458,2025-09-11,8:08 PM,CUST458,Female,39,Appliances,Keurig K-Elite Coffee Maker,4,149,596
459,2025-10-10,4:39 PM,CUST459,Male,28,Smart Home,Nest Learning Thermostat,3,249,747
460,2025-06-04,2:25 PM,CUST460,Male,40,Computers & Accessories,Apple Magic Keyboard,1,99,99
461,2025-03-13,9:47 PM,CUST461,Female,18,Audio,Sony WH-1000XM5 Headphones,2,349,698
462,2025-06-08,7:37 PM,CUST462,Male,63,Smartphones,Samsung Galaxy S24+,2,1099,2198
463,2025-06-02,2:53 PM,CUST463,Female,54,Audio,Sony WH-1000XM5 Headphones,3,349,1047
464,2025-06-25,4:31 PM,CUST464,Male,38,Gaming,PlayStation 5 Controller,2,69,138
465,2025-09-15,6:19 PM,CUST465,Female,43,Audio,AirPods Pro 2nd Gen,3,249,747
466,2025-04-09,4:01 PM,CUST466,Male,63,Smart Home,Philips Hue Starter Kit,4,199,796
467,2025-05-17,4:43 PM,CUST467,Female,53,Computers & Accessories,"LG 27"" UltraGear Gaming Monitor",3,399,1197
468,2025-10-31,12:26 PM,CUST468,Male,40,Smart Home,Ring Video Doorbell Pro 2,1,249,249
469,2025-11-02,5:50 PM,CUST469,Male,18,Appliances,Keurig K-Elite Coffee Maker,3,149,447
470,2025-03-07,7:55 PM,CUST470,Female,57,Tablets,iPad 10th Gen,2,449,898
471,2025-08-02,6:01 PM,CUST471,Male,32,Audio,Samsung Galaxy Buds2 Pro,3,199,597
472,2025-09-15,5:16 PM,CUST472,Female,38,Audio,Bose QuietComfort 45,3,279,837
473,2025-08-06,9:50 PM,CUST473,Male,64,Appliances,Keurig K-Elite Coffee Maker,1,149,149
474,2025-05-09,9:37 PM,CUST474,Female,26,Smart Home,Philips Hue Starter Kit,3,199,597
475,2025-08-08,5:46 PM,CUST475,Male,26,Smart Home,Ring Video Doorbell Pro 2,3,249,747
476,2025-12-12,11:30 AM,CUST476,Female,27,Gaming,Xbox Series X,3,499,1497
477,2025-09-26,1:40 PM,CUST477,Male,43,Smart Home,Nest Learning Thermostat,3,249,747
478,2025-11-01,6:49 PM,CUST478,Female,58,Audio,JBL Charge 5 Speaker,2,149,298
479,2025-12-01,7:09 PM,CUST479,Male,52,Smartphones,iPhone 15 Pro,2,1199,2398
480,2025-11-14,7:15 PM,CUST480,Female,42,Cameras,Canon EOS R50,2,699,1398
481,2025-07-22,11:44 AM,CUST481,Female,43,Gaming,PlayStation 5,3,499,1497
482,2025-01-07,12:01 PM,CUST482,Female,28,Tablets,"iPad Pro 12.9""",2,1099,2198
483,2025-07-09,3:26 PM,CUST483,Male,55,Audio,Samsung Galaxy Buds2 Pro,1,199,199
484,2025-11-12,12:44 PM,CUST484,Female,19,Appliances,Instant Pot Duo 7-in-1,4,99,396
485,2025-11-30,1:32 PM,CUST485,Male,24,Audio,AirPods Pro 2nd Gen,1,249,249
486,2025-12-21,6:58 PM,CUST486,Female,35,Computers & Accessories,Anker 65W USB-C Charger,1,45,45
487,2025-08-08,5:54 PM,CUST487,Male,44,Smart Home,Arlo Pro 4 Security Camera,4,199,796
488,2025-11-10,6:03 PM,CUST488,Female,51,Cameras,Sony Alpha a7 IV,2,2499,4998
489,2025-09-17,6:33 PM,CUST489,Male,44,Smart Home,Amazon Echo Show 10,1,249,249
490,2025-10-02,1:20 PM,CUST490,Male,34,Smart Home,Philips Hue Starter Kit,3,199,597
491,2025-05-14,9:30 PM,CUST491,Female,60,Tablets,iPad Air M1,2,749,1498
492,2025-05-14,4:20 PM,CUST492,Male,61,Smart Home,Ring Video Doorbell Pro 2,3,249,747
493,2025-08-14,9:29 PM,CUST493,Male,41,Appliances,iRobot Roomba j7+,2,599,1198
494,2025-02-02,8:21 PM,CUST494,Female,42,Appliances,iRobot Roomba j7+,2,599,1198
495,2025-07-02,4:43 PM,CUST495,Male,24,Smart Home,Nest Learning Thermostat,2,249,498
496,2025-10-26,6:46 PM,CUST496,Male,23,Gaming,PlayStation 5,2,499,998
497,2025-08-02,6:51 PM,CUST497,Male,41,Computers & Accessories,Apple Magic Keyboard,4,99,396
498,2025-04-21,6:39 PM,CUST498,Female,50,Smart Home,Arlo Pro 4 Security Camera,4,199,796
499,2025-08-25,4:15 PM,CUST499,Male,46,Appliances,Instant Pot Duo 7-in-1,2,99,198
500,2025-04-04,3:19 PM,CUST500,Female,60,Smart Home,Ring Video Doorbell Pro 2,3,249,747
501,2025-10-08,1:19 PM,CUST501,Male,39,Appliances,Vitamix E310 Blender,2,349,698
502,2025-01-31,6:45 PM,CUST502,Male,43,Computers & Accessories,Anker 65W USB-C Charger,3,45,135
503,2025-07-28,1:45 PM,CUST503,Male,45,Audio,Bose QuietComfort 45,3,279,837
504,2025-09-21,4:30 PM,CUST504,Female,38,Appliances,Ninja Foodi Air Fryer,3,199,597
505,2025-01-31,4:59 PM,CUST505,Male,24,Smart Home,Google Nest Hub Max,1,229,229
506,2025-10-15,8:46 PM,CUST506,Male,34,Cameras,DJI Mini 4 Pro Drone,2,759,1518
507,2025-04-07,1:07 PM,CUST507,Female,37,Smartphones,Samsung Galaxy S24+,2,1099,2198
508,2025-08-23,5:34 PM,CUST508,Male,58,Tablets,Samsung Galaxy Tab S9,2,799,1598
509,2025-02-27,3:25 PM,CUST509,Female,37,Gaming,Nintendo Switch OLED,3,349,1047
510,2025-07-21,7:49 PM,CUST510,Female,39,Computers & Accessories,"LG 27"" UltraGear Gaming Monitor",3,399,1197
511,2025-05-10,7:18 PM,CUST511,Male,45,Computers & Accessories,Anker 65W USB-C Charger,2,45,90
512,2025-06-28,11:45 AM,CUST512,Female,57,Appliances,Ninja Foodi Air Fryer,1,199,199
513,2025-11-14,12:59 PM,CUST513,Male,24,Audio,JBL Charge 5 Speaker,4,149,596
514,2025-07-21,3:16 PM,CUST514,Female,18,TVs,"Hisense 65"" U8K",1,799,799
515,2025-11-12,6:13 PM,CUST515,Female,49,Gaming,Xbox Series X,3,499,1497
516,2025-11-27,1:34 PM,CUST516,Male,30,Smart Home,Philips Hue Starter Kit,4,199,796
517,2025-05-25,1:35 PM,CUST517,Female,47,Smart Home,Google Nest Hub Max,3,229,687
518,2025-03-14,6:08 PM,CUST518,Female,40,Audio,AirPods Pro 2nd Gen,1,249,249
519,2025-01-23,12:47 PM,CUST519,Female,36,Appliances,Vitamix E310 Blender,3,349,1047
520,2025-09-15,5:15 PM,CUST520,Female,49,Appliances,Dyson V15 Detect Vacuum,2,749,1498
521,2025-12-31,11:57 AM,CUST521,Female,47,Audio,Bose QuietComfort 45,3,279,837
522,2025-07-09,4:40 PM,CUST522,Male,46,Audio,Bose QuietComfort 45,3,279,837
523,2025-10-17,2:06 PM,CUST523,Female,62,TVs,"Samsung 85"" Neo QLED",1,2999,2999
524,2025-11-16,3:45 PM,CUST524,Male,46,Cameras,Canon EOS R50,2,699,1398
525,2025-10-17,5:43 PM,CUST525,Female,47,Smart Home,Google Nest Hub Max,2,229,458
526,2025-11-12,6:00 PM,CUST526,Male,33,Smart Home,Google Nest Hub Max,2,229,458
527,2025-12-20,8:59 PM,CUST527,Male,57,Audio,JBL Charge 5 Speaker,2,149,298
528,2025-05-05,12:41 PM,CUST528,Female,36,Audio,Sonos Era 300,2,449,898
529,2025-01-24,8:56 PM,CUST529,Female,35,Computers & Accessories,Samsung T7 Portable SSD 1TB,3,89,267
530,2025-04-16,4:41 PM,CUST530,Female,18,Audio,Bose QuietComfort 45,3,279,837
531,2025-04-04,2:18 PM,CUST531,Male,31,TVs,"Sony 75"" Bravia XR",1,1999,1999
532,2025-10-24,4:41 PM,CUST532,Female,64,Computers & Accessories,Samsung T7 Portable SSD 1TB,4,89,356
533,2025-09-21,11:49 AM,CUST533,Male,19,Gaming,PlayStation 5,3,499,1497
534,2025-05-12,11:36 AM,CUST534,Male,45,Appliances,Keurig K-Elite Coffee Maker,2,149,298
535,2025-11-01,2:47 PM,CUST535,Male,47,Computers & Accessories,Logitech MX Master 3 Mouse,3,99,297
536,2025-11-14,6:59 PM,CUST536,Female,55,Appliances,Instant Pot Duo 7-in-1,4,99,396
537,2025-04-23,11:58 AM,CUST537,Female,21,Tablets,Microsoft Surface Go 3,1,399,399
538,2025-10-03,1:56 PM,CUST538,Male,18,Smart Home,Google Nest Hub Max,3,229,687
539,2025-11-10,7:59 PM,CUST539,Male,25,Cameras,Canon EOS R50,1,699,699
540,2025-03-29,8:53 PM,CUST540,Female,46,TVs,"Hisense 65"" U8K",2,799,1598
541,2025-11-24,3:31 PM,CUST541,Male,56,Cameras,GoPro Hero 12,1,399,399
542,2025-12-24,1:47 PM,CUST542,Female,20,Smart Home,Arlo Pro 4 Security Camera,1,199,199
543,2025-03-27,9:59 PM,CUST543,Male,49,Audio,Sony WH-1000XM5 Headphones,2,349,698
544,2025-01-30,2:02 PM,CUST544,Female,27,Audio,JBL Charge 5 Speaker,1,149,149
545,2025-06-21,10:36 AM,CUST545,Male,27,Smart Home,Nest Learning Thermostat,2,249,498
546,2025-10-25,5:59 PM,CUST546,Female,36,Smart Home,Amazon Echo Show 10,3,249,747
547,2025-12-22,9:18 PM,CUST547,Male,63,Gaming,Xbox Elite Controller Series 2,4,179,716
548,2025-07-30,4:41 PM,CUST548,Female,51,Audio,Sony WH-1000XM5 Headphones,2,349,698
549,2025-11-05,4:31 PM,CUST549,Female,50,Computers & Accessories,"LG 27"" UltraGear Gaming Monitor",2,399,798
550,2025-03-12,8:08 PM,CUST550,Male,40,Appliances,Dyson V15 Detect Vacuum,2,749,1498
551,2025-10-31,7:29 PM,CUST551,Male,45,Tablets,iPad Air M1,2,749,1498
552,2025-10-10,3:51 PM,CUST552,Female,49,Appliances,Vitamix E310 Blender,3,349,1047
553,2025-03-23,12:10 PM,CUST553,Male,24,Smart Home,Philips Hue Starter Kit,4,199,796
554,2025-11-15,6:41 PM,CUST554,Female,46,Appliances,Instant Pot Duo 7-in-1,3,99,297
555,2025-11-29,3:11 PM,CUST555,Male,25,Audio,Samsung Galaxy Buds2 Pro,1,199,199
556,2025-10-01,10:21 AM,CUST556,Female,18,Appliances,iRobot Roomba j7+,1,599,599
557,2025-04-01,7:36 PM,CUST557,Female,20,Smart Home,Philips Hue Starter Kit,3,199,597
558,2025-12-27,6:12 PM,CUST558,Female,41,Computers & Accessories,Samsung T7 Portable SSD 1TB,1,89,89
559,2025-11-17,12:54 PM,CUST559,Female,40,Tablets,iPad 10th Gen,3,449,1347
560,2025-07-07,5:25 PM,CUST560,Female,25,Smart Home,Ring Video Doorbell Pro 2,1,249,249
561,2025-08-10,7:32 PM,CUST561,Female,64,Smart Home,Google Nest Hub Max,3,229,687
562,2025-07-18,4:25 PM,CUST562,Male,54,Computers & Accessories,Seagate 4TB External HDD,2,99,198
563,2025-09-06,6:11 PM,CUST563,Male,20,Audio,Sony WH-1000XM5 Headphones,2,349,698
564,2025-07-04,9:30 PM,CUST564,Male,50,Computers & Accessories,Anker 65W USB-C Charger,2,45,90
565,2025-11-29,4:15 PM,CUST565,Female,45,Smart Home,Philips Hue Starter Kit,2,199,398
566,2025-11-24,10:24 AM,CUST566,Female,64,Smart Home,Arlo Pro 4 Security Camera,1,199,199
567,2025-03-25,1:48 PM,CUST567,Female,25,Appliances,iRobot Roomba j7+,2,599,1198
568,2025-12-22,1:21 PM,CUST568,Female,51,Cameras,DJI Mini 4 Pro Drone,1,759,759
569,2025-10-11,3:46 PM,CUST569,Male,52,Appliances,Instant Pot Duo 7-in-1,4,99,396
570,2025-11-26,5:16 PM,CUST570,Male,49,Smart Home,Philips Hue Starter Kit,1,199,199
571,2025-11-02,5:44 PM,CUST571,Female,41,Appliances,Keurig K-Elite Coffee Maker,1,149,149
572,2025-08-14,1:42 PM,CUST572,Male,31,Smart Home,Nest Learning Thermostat,3,249,747
573,2025-11-08,12:19 PM,CUST573,Male,49,Appliances,iRobot Roomba j7+,2,599,1198
574,2025-12-24,12:43 PM,CUST574,Female,63,Appliances,iRobot Roomba j7+,2,599,1198
575,2025-06-01,4:57 PM,CUST575,Male,60,Audio,Sony WH-1000XM5 Headphones,2,349,698
576,2025-11-22,7:49 PM,CUST576,Female,33,Smart Home,Arlo Pro 4 Security Camera,3,199,597
577,2025-09-14,2:07 PM,CUST577,Male,21,Audio,JBL Charge 5 Speaker,4,149,596
578,2025-08-31,5:18 PM,CUST578,Female,54,Audio,Samsung Galaxy Buds2 Pro,4,199,796
579,2025-08-14,3:14 PM,CUST579,Female,38,Smart Home,Google Nest Hub Max,1,229,229
580,2025-11-07,2:08 PM,CUST580,Female,31,Gaming,Xbox Series X,3,499,1497
581,2025-05-31,5:29 PM,CUST581,Female,48,Appliances,Ninja Foodi Air Fryer,2,199,398
582,2025-11-30,6:38 PM,CUST582,Male,35,Smart Home,Ring Video Doorbell Pro 2,3,249,747
583,2025-11-27,3:44 PM,CUST583,Female,24,Appliances,Dyson V15 Detect Vacuum,2,749,1498
584,2025-03-16,4:30 PM,CUST584,Female,27,Appliances,Keurig K-Elite Coffee Maker,4,149,596
585,2025-12-06,6:51 PM,CUST585,Female,24,Computers & Accessories,Anker 65W USB-C Charger,1,45,45
586,2025-05-23,6:13 PM,CUST586,Male,50,Smart Home,Google Nest Hub Max,1,229,229
587,2025-08-24,6:43 PM,CUST587,Female,40,Tablets,iPad Air M1,2,749,1498
588,2025-10-04,6:55 PM,CUST588,Male,38,Audio,Samsung Galaxy Buds2 Pro,2,199,398
589,2025-07-21,7:33 PM,CUST589,Female,36,Audio,Bose QuietComfort 45,2,279,558
590,2025-02-01,4:45 PM,CUST590,Male,36,Appliances,Vitamix E310 Blender,3,349,1047
591,2025-11-30,3:58 PM,CUST591,Male,53,Audio,Bose QuietComfort 45,3,279,837
592,2025-04-28,5:03 PM,CUST592,Female,46,Tablets,iPad 10th Gen,3,449,1347
593,2025-05-10,7:57 PM,CUST593,Male,35,Appliances,Instant Pot Duo 7-in-1,2,99,198
594,2025-11-21,5:36 PM,CUST594,Female,19,Tablets,Amazon Fire HD 10,2,149,298
595,2025-07-04,5:10 PM,CUST595,Female,18,Appliances,Ninja Foodi Air Fryer,4,199,796
596,2025-12-06,4:33 PM,CUST596,Female,64,Smartphones,Google Pixel 8,1,699,699
597,2025-11-01,4:43 PM,CUST597,Male,22,Cameras,Canon EOS R50,2,699,1398
598,2025-06-05,1:37 PM,CUST598,Male,37,Appliances,Vitamix E310 Blender,3,349,1047
599,2025-01-11,5:57 PM,CUST599,Female,28,Smart Home,Nest Learning Thermostat,2,249,498
600,2025-12-20,5:51 PM,CUST600,Female,59,Tablets,"iPad Pro 12.9""",2,1099,2198
601,2025-03-15,11:08 AM,CUST601,Male,19,Audio,Sony WH-1000XM5 Headphones,1,349,349
602,2025-11-06,4:29 PM,CUST602,Female,20,Tablets,Amazon Fire HD 10,1,149,149
603,2025-09-02,5:35 PM,CUST603,Female,40,Computers & Accessories,Samsung T7 Portable SSD 1TB,3,89,267
604,2025-11-13,4:51 PM,CUST604,Female,29,Smart Home,Arlo Pro 4 Security Camera,4,199,796
605,2025-10-31,3:01 PM,CUST605,Male,37,TVs,"Samsung 65"" QLED 4K TV",2,1299,2598
606,2025-10-16,3:52 PM,CUST606,Male,22,Audio,Bose QuietComfort 45,1,279,279
607,2025-09-03,10:13 AM,CUST607,Male,54,Computers & Accessories,Apple Magic Keyboard,3,99,297
608,2025-11-20,5:02 PM,CUST608,Female,55,TVs,"Sony 75"" Bravia XR",2,1999,3998
609,2025-03-20,3:44 PM,CUST609,Female,47,Audio,AirPods Pro 2nd Gen,2,249,498
610,2025-05-15,11:03 AM,CUST610,Female,26,Cameras,DJI Mini 4 Pro Drone,2,759,1518
611,2025-10-31,8:04 PM,CUST611,Male,51,Audio,Sonos Era 300,3,449,1347
612,2025-06-19,9:30 PM,CUST612,Female,61,Tablets,iPad Air M1,1,749,749
613,2025-09-26,11:26 AM,CUST613,Female,52,Computers & Accessories,Logitech MX Master 3 Mouse,3,99,297
614,2025-08-29,1:08 PM,CUST614,Female,39,Cameras,DJI Mini 4 Pro Drone,2,759,1518
615,2025-09-13,6:46 PM,CUST615,Female,61,Audio,Sonos Era 300,3,449,1347
616,2025-08-09,6:26 PM,CUST616,Male,41,Smart Home,Nest Learning Thermostat,2,249,498
617,2025-11-10,3:57 PM,CUST617,Male,34,Appliances,Ninja Foodi Air Fryer,1,199,199
618,2025-06-29,3:55 PM,CUST618,Female,27,Computers & Accessories,Logitech MX Master 3 Mouse,1,99,99
619,2025-11-01,8:24 PM,CUST619,Male,47,Appliances,Vitamix E310 Blender,3,349,1047
620,2025-06-02,3:43 PM,CUST620,Male,63,Computers & Accessories,Samsung T7 Portable SSD 1TB,3,89,267
621,2025-05-25,9:55 PM,CUST621,Female,40,Audio,JBL Charge 5 Speaker,2,149,298
622,2025-03-31,4:41 PM,CUST622,Female,49,Computers & Accessories,Samsung T7 Portable SSD 1TB,3,89,267
623,2025-05-03,7:07 PM,CUST623,Male,34,Audio,JBL Charge 5 Speaker,3,149,447
624,2025-03-31,12:34 PM,CUST624,Female,34,Tablets,iPad Air M1,2,749,1498
625,2025-09-14,3:08 PM,CUST625,Male,31,Gaming,Razer BlackShark V2 Headset,1,99,99
626,2025-11-14,6:14 PM,CUST626,Female,26,Smart Home,Philips Hue Starter Kit,4,199,796
627,2025-05-01,7:48 PM,CUST627,Male,57,Audio,JBL Charge 5 Speaker,1,149,149
628,2025-05-12,10:19 AM,CUST628,Female,19,Smart Home,Arlo Pro 4 Security Camera,4,199,796
629,2025-09-01,4:46 PM,CUST629,Male,62,Computers & Accessories,Samsung T7 Portable SSD 1TB,2,89,178
630,2025-11-07,5:34 PM,CUST630,Male,42,Audio,AirPods Pro 2nd Gen,2,249,498
631,2025-12-26,4:14 PM,CUST631,Male,56,Appliances,Keurig K-Elite Coffee Maker,3,149,447
632,2025-09-12,2:22 PM,CUST632,Female,26,Audio,AirPods Pro 2nd Gen,3,249,747
633,2025-06-07,1:12 PM,CUST633,Male,39,Smart Home,Philips Hue Starter Kit,4,199,796
634,2025-03-22,8:46 PM,CUST634,Male,60,TVs,"Hisense 65"" U8K",2,799,1598
635,2025-05-03,6:02 PM,CUST635,Female,63,TVs,"Samsung 85"" Neo QLED",2,2999,5998
636,2025-05-16,7:26 PM,CUST636,Female,21,Audio,Sony WH-1000XM5 Headphones,3,349,1047
637,2025-04-27,5:59 PM,CUST637,Male,43,Appliances,Instant Pot Duo 7-in-1,2,99,198
638,2025-01-17,7:01 PM,CUST638,Male,46,Smartphones,Google Pixel 8,1,699,699
639,2025-09-13,2:04 PM,CUST639,Female,62,Appliances,Vitamix E310 Blender,3,349,1047
640,2025-06-04,12:02 PM,CUST640,Female,51,Audio,Sonos Era 300,3,449,1347
641,2025-12-26,4:43 PM,CUST641,Female,40,Tablets,Microsoft Surface Go 3,1,399,399
642,2025-09-19,6:03 PM,CUST642,Female,54,Audio,AirPods Pro 2nd Gen,3,249,747
643,2025-11-01,2:02 PM,CUST643,Female,28,Computers & Accessories,Logitech MX Master 3 Mouse,3,99,297
644,2025-04-04,4:14 PM,CUST644,Male,23,Appliances,iRobot Roomba j7+,2,599,1198
645,2025-12-04,4:48 PM,CUST645,Female,35,Computers & Accessories,Anker 65W USB-C Charger,4,45,180
646,2025-09-03,7:03 PM,CUST646,Male,38,Smart Home,Arlo Pro 4 Security Camera,3,199,597
647,2025-12-05,1:18 PM,CUST647,Male,59,Tablets,Amazon Fire HD 10,3,149,447
648,2025-09-24,1:58 PM,CUST648,Male,53,Cameras,Nikon Z50,2,859,1718
649,2025-08-27,6:20 PM,CUST649,Female,58,Gaming,Nintendo Switch OLED,2,349,698
650,2025-08-15,5:49 PM,CUST650,Male,55,Appliances,Dyson V15 Detect Vacuum,1,749,749
651,2025-04-30,5:20 PM,CUST651,Male,51,Smart Home,Amazon Echo Show 10,3,249,747
652,2025-02-28,2:56 PM,CUST652,Female,34,Appliances,iRobot Roomba j7+,2,599,1198
653,2025-12-19,1:42 PM,CUST653,Male,54,Computers & Accessories,Apple Magic Keyboard,3,99,297
654,2025-08-30,5:26 PM,CUST654,Male,42,Audio,JBL Charge 5 Speaker,3,149,447
655,2025-11-24,2:03 PM,CUST655,Female,55,Appliances,iRobot Roomba j7+,1,599,599
656,2025-08-01,5:37 PM,CUST656,Male,29,Computers & Accessories,Logitech MX Master 3 Mouse,3,99,297
657,2025-03-10,8:58 PM,CUST657,Male,40,Smart Home,Amazon Echo Show 10,1,249,249
658,2025-10-10,1:43 PM,CUST658,Male,59,Smart Home,Philips Hue Starter Kit,1,199,199
659,2025-03-01,4:31 PM,CUST659,Female,39,Computers & Accessories,Logitech MX Master 3 Mouse,1,99,99
660,2025-04-14,11:22 AM,CUST660,Female,38,Audio,Samsung Galaxy Buds2 Pro,2,199,398
661,2025-09-20,8:42 PM,CUST661,Female,44,Audio,JBL Charge 5 Speaker,4,149,596
662,2025-06-17,3:33 PM,CUST662,Male,48,Audio,Sony WH-1000XM5 Headphones,2,349,698
663,2025-12-29,2:26 PM,CUST663,Male,23,Appliances,Dyson V15 Detect Vacuum,2,749,1498
664,2025-03-30,3:19 PM,CUST664,Female,44,Tablets,iPad Air M1,2,749,1498
665,2025-11-14,4:48 PM,CUST665,Male,57,Smart Home,Arlo Pro 4 Security Camera,1,199,199
666,2025-10-03,5:15 PM,CUST666,Male,51,Appliances,Ninja Foodi Air Fryer,3,199,597
667,2025-11-19,7:19 PM,CUST667,Female,29,TVs,"Samsung 65"" QLED 4K TV",1,1299,1299
668,2025-05-16,7:09 PM,CUST668,Female,62,Appliances,Dyson V15 Detect Vacuum,2,749,1498
669,2025-09-11,7:58 PM,CUST669,Male,24,Audio,Sonos Era 300,3,449,1347
670,2025-08-20,11:26 AM,CUST670,Male,27,Computers & Accessories,Samsung T7 Portable SSD 1TB,1,89,89
671,2025-08-16,9:35 PM,CUST671,Male,62,Computers & Accessories,Anker 65W USB-C Charger,3,45,135
672,2025-12-02,4:24 PM,CUST672,Female,34,Appliances,Vitamix E310 Blender,2,349,698
673,2025-12-29,1:13 PM,CUST673,Female,43,Smart Home,Philips Hue Starter Kit,3,199,597
674,2025-06-18,2:05 PM,CUST674,Female,38,Appliances,Vitamix E310 Blender,1,349,349
675,2025-10-08,8:54 PM,CUST675,Female,45,Audio,Sony WH-1000XM5 Headphones,2,349,698
676,2025-10-04,4:34 PM,CUST676,Male,63,Tablets,iPad Air M1,2,749,1498
677,2025-11-08,6:12 PM,CUST677,Female,19,Audio,Sony WH-1000XM5 Headphones,3,349,1047
678,2025-12-20,11:24 AM,CUST678,Female,60,Gaming,Xbox Elite Controller Series 2,3,179,537
679,2025-05-09,6:38 PM,CUST679,Female,18,Smart Home,Philips Hue Starter Kit,3,199,597
680,2025-05-10,11:04 AM,CUST680,Female,53,Tablets,Amazon Fire HD 10,3,149,447
681,2025-10-20,1:48 PM,CUST681,Female,43,Audio,JBL Charge 5 Speaker,2,149,298
682,2025-04-18,5:42 PM,CUST682,Male,46,Audio,JBL Charge 5 Speaker,4,149,596
683,2025-04-25,5:30 PM,CUST683,Male,38,Audio,JBL Charge 5 Speaker,2,149,298
684,2025-03-11,1:58 PM,CUST684,Female,28,Appliances,Dyson V15 Detect Vacuum,2,749,1498
685,2025-01-03,4:58 PM,CUST685,Male,57,Smart Home,Ring Video Doorbell Pro 2,2,249,498
686,2025-08-20,10:59 AM,CUST686,Female,28,Audio,Bose QuietComfort 45,3,279,837
687,2025-09-28,1:47 PM,CUST687,Female,53,Cameras,Sony Alpha a7 IV,1,2499,2499
688,2025-06-12,12:48 PM,CUST688,Male,56,Computers & Accessories,Logitech MX Master 3 Mouse,4,99,396
689,2025-05-17,5:15 PM,CUST689,Male,57,Smart Home,Google Nest Hub Max,2,229,458
690,2025-11-02,6:45 PM,CUST690,Female,52,Appliances,Instant Pot Duo 7-in-1,3,99,297
691,2025-11-01,2:58 PM,CUST691,Female,51,Smart Home,Arlo Pro 4 Security Camera,3,199,597
692,2025-08-21,1:20 PM,CUST692,Female,64,Smart Home,Philips Hue Starter Kit,2,199,398
693,2025-10-29,6:24 PM,CUST693,Male,41,Audio,Sonos Era 300,3,449,1347
694,2025-12-15,4:41 PM,CUST694,Female,39,Smart Home,Google Nest Hub Max,2,229,458
695,2025-11-18,3:16 PM,CUST695,Female,22,Audio,Samsung Galaxy Buds2 Pro,3,199,597
696,2025-10-09,3:56 PM,CUST696,Female,50,Smart Home,Google Nest Hub Max,3,229,687
697,2025-10-20,4:06 PM,CUST697,Male,53,Smart Home,Ring Video Doorbell Pro 2,1,249,249
698,2025-12-18,7:46 PM,CUST698,Female,64,Tablets,Samsung Galaxy Tab S9,1,799,799
699,2025-08-09,5:53 PM,CUST699,Female,37,Computers & Accessories,Samsung T7 Portable SSD 1TB,4,89,356
700,2025-09-17,2:13 PM,CUST700,Male,36,Cameras,Canon EOS R50,2,699,1398
701,2025-10-17,4:26 PM,CUST701,Female,52,Smart Home,Ring Video Doorbell Pro 2,2,249,498
702,2025-12-12,11:55 AM,CUST702,Female,60,Smart Home,Philips Hue Starter Kit,2,199,398
703,2025-11-26,1:09 PM,CUST703,Male,34,Computers & Accessories,"LG 27"" UltraGear Gaming Monitor",2,399,798
704,2025-03-09,10:35 AM,CUST704,Female,62,Audio,Bose QuietComfort 45,3,279,837
705,2025-04-21,8:37 PM,CUST705,Male,60,Smart Home,Ring Video Doorbell Pro 2,2,249,498
706,2025-06-19,6:18 PM,CUST706,Male,51,Appliances,Dyson V15 Detect Vacuum,2,749,1498
707,2025-11-10,12:21 PM,CUST707,Female,26,Tablets,Amazon Fire HD 10,1,149,149
708,2025-09-22,1:36 PM,CUST708,Female,43,Tablets,iPad 10th Gen,3,449,1347
709,2025-06-10,7:31 PM,CUST709,Female,19,Smartphones,iPhone 15,2,999,1998
710,2025-04-03,4:43 PM,CUST710,Female,26,TVs,"LG 55"" OLED TV",2,1499,2998
711,2025-10-30,2:48 PM,CUST711,Male,26,Laptops,Lenovo ThinkPad X1,2,1599,3198
712,2025-11-01,7:46 PM,CUST712,Female,57,Computers & Accessories,"LG 27"" UltraGear Gaming Monitor",2,399,798
713,2025-12-19,6:31 PM,CUST713,Male,34,Appliances,iRobot Roomba j7+,2,599,1198
714,2025-09-05,4:46 PM,CUST714,Female,18,Tablets,iPad Air M1,1,749,749
715,2025-09-04,7:10 PM,CUST715,Female,42,Smart Home,Nest Learning Thermostat,3,249,747
716,2025-03-14,1:34 PM,CUST716,Female,60,Gaming,Nintendo Switch OLED,3,349,1047
717,2025-02-15,5:58 PM,CUST717,Male,57,Tablets,iPad Air M1,1,749,749
718,2025-08-13,8:41 PM,CUST718,Female,59,Appliances,Instant Pot Duo 7-in-1,3,99,297
719,2025-06-26,9:33 PM,CUST719,Female,42,Computers & Accessories,"LG 27"" UltraGear Gaming Monitor",2,399,798
720,2025-05-25,11:54 AM,CUST720,Female,56,Tablets,"iPad Pro 12.9""",2,1099,2198
721,2025-03-19,11:52 AM,CUST721,Female,52,Tablets,"iPad Pro 12.9""",1,1099,1099
722,2025-12-23,5:48 PM,CUST722,Male,20,Audio,AirPods Pro 2nd Gen,3,249,747
723,2025-11-28,10:08 AM,CUST723,Female,54,Appliances,Instant Pot Duo 7-in-1,4,99,396
724,2025-09-25,7:14 PM,CUST724,Male,61,Computers & Accessories,Logitech MX Master 3 Mouse,3,99,297
725,2025-12-20,12:09 PM,CUST725,Male,61,TVs,"Samsung 65"" QLED 4K TV",1,1299,1299
726,2025-12-31,10:32 AM,CUST726,Male,47,Tablets,Amazon Fire HD 10,4,149,596
727,2025-10-24,4:03 PM,CUST727,Male,55,Audio,Sonos Era 300,3,449,1347
728,2025-06-01,5:42 PM,CUST728,Male,51,Audio,JBL Charge 5 Speaker,3,149,447
729,2025-02-15,8:58 PM,CUST729,Male,29,Gaming,Razer BlackShark V2 Headset,4,99,396
730,2025-11-13,4:31 PM,CUST730,Female,36,Audio,Bose QuietComfort 45,2,279,558
731,2025-08-27,10:34 AM,CUST731,Male,54,Gaming,Razer BlackShark V2 Headset,4,99,396
732,2025-10-17,5:00 PM,CUST732,Male,61,Gaming,Xbox Series X,2,499,998
733,2025-12-13,10:46 AM,CUST733,Male,34,Appliances,Dyson V15 Detect Vacuum,1,749,749
734,2025-04-28,1:18 PM,CUST734,Female,27,Smart Home,Arlo Pro 4 Security Camera,1,199,199
735,2025-09-27,10:52 AM,CUST735,Female,64,Smart Home,Google Nest Hub Max,3,229,687
736,2025-10-11,6:27 PM,CUST736,Male,29,Smart Home,Ring Video Doorbell Pro 2,3,249,747
737,2025-09-03,7:58 PM,CUST737,Female,33,Computers & Accessories,Samsung T7 Portable SSD 1TB,1,89,89
738,2025-03-19,12:58 PM,CUST738,Male,41,Audio,Samsung Galaxy Buds2 Pro,2,199,398
739,2025-07-07,12:09 PM,CUST739,Male,36,Appliances,Dyson V15 Detect Vacuum,1,749,749
740,2025-06-30,1:39 PM,CUST740,Female,25,Smart Home,Arlo Pro 4 Security Camera,4,199,796
741,2025-10-24,5:52 PM,CUST741,Male,48,Appliances,Dyson V15 Detect Vacuum,1,749,749
742,2025-12-01,3:50 PM,CUST742,Female,38,Smartphones,Samsung Galaxy S24,2,899,1798
743,2025-06-28,4:23 PM,CUST743,Female,34,Tablets,iPad Air M1,2,749,1498
744,2025-10-31,8:29 PM,CUST744,Male,40,Audio,AirPods Pro 2nd Gen,1,249,249
745,2025-06-10,5:44 PM,CUST745,Male,54,Smart Home,Philips Hue Starter Kit,2,199,398
746,2025-12-20,2:43 PM,CUST746,Female,33,Smart Home,Philips Hue Starter Kit,3,199,597
747,2025-11-22,7:05 PM,CUST747,Male,23,Appliances,Vitamix E310 Blender,1,349,349
748,2025-09-18,5:54 PM,CUST748,Male,25,Audio,Samsung Galaxy Buds2 Pro,3,199,597
749,2025-08-22,6:02 PM,CUST749,Male,42,Appliances,Ninja Foodi Air Fryer,1,199,199
750,2025-06-21,12:24 PM,CUST750,Female,35,Audio,Samsung Galaxy Buds2 Pro,3,199,597
751,2025-06-27,4:30 PM,CUST751,Female,42,Smart Home,Philips Hue Starter Kit,2,199,398
752,2025-12-25,11:00 AM,CUST752,Male,29,Audio,Sony WH-1000XM5 Headphones,2,349,698
753,2025-08-02,6:05 PM,CUST753,Female,32,Smart Home,Ring Video Doorbell Pro 2,1,249,249
754,2025-09-08,4:27 PM,CUST754,Female,43,Smart Home,Google Nest Hub Max,3,229,687
755,2025-12-28,5:21 PM,CUST755,Female,58,Audio,AirPods Pro 2nd Gen,3,249,747
756,2025-10-19,5:54 PM,CUST756,Female,62,Cameras,GoPro Hero 12,3,399,1197
757,2025-09-15,9:57 PM,CUST757,Female,43,Cameras,Fujifilm X-T5,2,1699,3398
758,2025-08-05,4:02 PM,CUST758,Male,64,Audio,JBL Charge 5 Speaker,4,149,596
759,2025-05-02,2:57 PM,CUST759,Male,49,Audio,Bose QuietComfort 45,2,279,558
760,2025-07-13,7:56 PM,CUST760,Male,27,Audio,Bose QuietComfort 45,1,279,279
761,2025-11-13,5:17 PM,CUST761,Female,33,Smart Home,Amazon Echo Show 10,1,249,249
762,2025-10-09,11:04 AM,CUST762,Female,24,Smart Home,Arlo Pro 4 Security Camera,2,199,398
763,2025-11-13,6:17 PM,CUST763,Male,34,Audio,Sony WH-1000XM5 Headphones,2,349,698
764,2025-05-08,8:36 PM,CUST764,Female,40,Computers & Accessories,"LG 27"" UltraGear Gaming Monitor",1,399,399
765,2025-09-18,5:11 PM,CUST765,Male,43,Computers & Accessories,Samsung T7 Portable SSD 1TB,4,89,356
766,2025-12-16,8:20 PM,CUST766,Male,38,Smartphones,OnePlus 12,2,799,1598
767,2025-08-15,10:13 AM,CUST767,Male,39,Appliances,Instant Pot Duo 7-in-1,3,99,297
768,2025-11-01,5:48 PM,CUST768,Female,24,Computers & Accessories,Seagate 4TB External HDD,3,99,297
769,2025-04-02,7:52 PM,CUST769,Female,31,Audio,Sonos Era 300,3,449,1347
770,2025-12-26,4:04 PM,CUST770,Male,32,Smart Home,Philips Hue Starter Kit,1,199,199
771,2025-10-03,3:36 PM,CUST771,Male,24,Computers & Accessories,Anker 65W USB-C Charger,2,45,90
772,2025-05-21,1:53 PM,CUST772,Male,26,Audio,Samsung Galaxy Buds2 Pro,1,199,199
773,2025-04-18,7:43 PM,CUST773,Male,25,TVs,"Samsung 85"" Neo QLED",2,2999,5998
774,2025-09-19,7:21 PM,CUST774,Female,40,Audio,JBL Charge 5 Speaker,2,149,298
775,2025-09-19,4:47 PM,CUST775,Female,46,Audio,Bose QuietComfort 45,3,279,837
776,2025-03-20,12:44 PM,CUST776,Male,35,Smart Home,Amazon Echo Show 10,3,249,747
777,2025-12-29,6:32 PM,CUST777,Male,48,Computers & Accessories,"LG 27"" UltraGear Gaming Monitor",3,399,1197
778,2025-12-13,6:22 PM,CUST778,Female,47,Appliances,Ninja Foodi Air Fryer,4,199,796
779,2025-08-23,11:27 AM,CUST779,Female,56,Laptops,"MacBook Pro 14""",2,1999,3998
780,2025-03-30,1:04 PM,CUST780,Male,52,Appliances,iRobot Roomba j7+,2,599,1198
781,2025-11-27,2:49 PM,CUST781,Male,35,Cameras,GoPro Hero 12,1,399,399
782,2025-09-05,5:38 PM,CUST782,Male,59,Smart Home,Ring Video Doorbell Pro 2,3,249,747
783,2025-11-05,3:49 PM,CUST783,Female,56,Smart Home,Philips Hue Starter Kit,1,199,199
784,2025-09-07,2:40 PM,CUST784,Female,34,Laptops,HP Spectre x360,1,1499,1499
785,2025-06-04,1:28 PM,CUST785,Female,31,Appliances,Ninja Foodi Air Fryer,4,199,796
786,2025-11-28,5:22 PM,CUST786,Male,48,Smart Home,Arlo Pro 4 Security Camera,4,199,796
787,2025-12-27,5:24 PM,CUST787,Male,41,Audio,Sonos Era 300,1,449,449
788,2025-05-23,4:43 PM,CUST788,Female,52,Tablets,Amazon Fire HD 10,3,149,447
789,2025-09-19,5:24 PM,CUST789,Female,61,Smart Home,Ring Video Doorbell Pro 2,3,249,747
790,2025-07-24,11:39 AM,CUST790,Male,62,Computers & Accessories,Apple Magic Keyboard,1,99,99
791,2025-12-14,2:15 PM,CUST791,Female,51,Appliances,Instant Pot Duo 7-in-1,1,99,99
792,2025-09-07,6:05 PM,CUST792,Female,20,Smart Home,Amazon Echo Show 10,1,249,249
793,2025-12-06,3:24 PM,CUST793,Male,54,Computers & Accessories,Logitech MX Master 3 Mouse,1,99,99
794,2025-12-03,6:40 PM,CUST794,Female,60,Cameras,DJI Mini 4 Pro Drone,1,759,759
795,2025-06-05,12:24 PM,CUST795,Male,57,Tablets,Microsoft Surface Go 3,1,399,399
796,2025-11-19,2:06 PM,CUST796,Male,43,Computers & Accessories,Logitech MX Master 3 Mouse,4,99,396
797,2025-08-06,11:19 AM,CUST797,Male,40,Smart Home,Arlo Pro 4 Security Camera,3,199,597
798,2025-12-18,3:48 PM,CUST798,Male,61,Computers & Accessories,"LG 27"" UltraGear Gaming Monitor",1,399,399
799,2025-09-06,3:08 PM,CUST799,Male,56,Smart Home,Google Nest Hub Max,2,229,458
800,2025-11-24,11:27 AM,CUST800,Male,32,Appliances,Keurig K-Elite Coffee Maker,4,149,596
801,2025-06-07,4:35 PM,CUST801,Male,21,Audio,AirPods Pro 2nd Gen,3,249,747
802,2025-06-14,5:06 PM,CUST802,Female,46,Smart Home,Amazon Echo Show 10,1,249,249
803,2025-09-27,11:22 AM,CUST803,Male,39,Smart Home,Amazon Echo Show 10,3,249,747
804,2025-12-31,5:38 PM,CUST804,Male,42,Audio,Sony WH-1000XM5 Headphones,1,349,349
805,2025-09-03,5:20 PM,CUST805,Female,30,Cameras,Canon EOS R50,2,699,1398
806,2025-04-13,7:00 PM,CUST806,Female,35,Tablets,"iPad Pro 12.9""",2,1099,2198
807,2025-09-14,2:24 PM,CUST807,Female,50,Audio,Bose QuietComfort 45,3,279,837
808,2025-07-05,6:46 PM,CUST808,Male,33,Audio,JBL Charge 5 Speaker,4,149,596
809,2025-09-19,7:57 PM,CUST809,Female,62,Smart Home,Google Nest Hub Max,2,229,458
810,2025-09-16,9:15 PM,CUST810,Male,59,Appliances,Keurig K-Elite Coffee Maker,4,149,596
811,2025-08-22,5:10 PM,CUST811,Male,61,Smart Home,Nest Learning Thermostat,2,249,498
812,2025-06-26,6:10 PM,CUST812,Male,19,Audio,Bose QuietComfort 45,3,279,837
813,2025-05-02,1:19 PM,CUST813,Male,52,Appliances,Dyson V15 Detect Vacuum,2,749,1498
814,2025-11-01,3:09 PM,CUST814,Female,59,Smart Home,Arlo Pro 4 Security Camera,1,199,199
815,2025-09-24,11:27 AM,CUST815,Female,51,Smart Home,Philips Hue Starter Kit,3,199,597
816,2025-05-18,1:19 PM,CUST816,Male,47,Audio,Sonos Era 300,2,449,898
817,2025-11-15,5:04 PM,CUST817,Male,30,Appliances,Instant Pot Duo 7-in-1,4,99,396
818,2025-02-19,3:15 PM,CUST818,Male,30,Smartphones,iPhone 15 Pro,1,1199,1199
819,2025-11-10,6:31 PM,CUST819,Female,35,Smart Home,Philips Hue Starter Kit,2,199,398
820,2025-11-02,5:12 PM,CUST820,Male,49,Audio,Sony WH-1000XM5 Headphones,3,349,1047
821,2025-11-22,4:08 PM,CUST821,Male,49,Laptops,Dell XPS 15,1,1799,1799
822,2025-07-25,3:25 PM,CUST822,Female,52,Computers & Accessories,Logitech MX Master 3 Mouse,3,99,297
823,2025-10-22,2:39 PM,CUST823,Female,56,Computers & Accessories,Apple Magic Keyboard,2,99,198
824,2025-11-24,3:55 PM,CUST824,Male,63,Audio,Sony WH-1000XM5 Headphones,3,349,1047
825,2025-12-27,4:21 PM,CUST825,Female,46,Computers & Accessories,Samsung T7 Portable SSD 1TB,1,89,89
826,2025-09-04,3:52 PM,CUST826,Female,46,Appliances,iRobot Roomba j7+,1,599,599
827,2025-02-12,7:38 PM,CUST827,Male,61,Cameras,Fujifilm X-T5,2,1699,3398
828,2025-09-06,1:20 PM,CUST828,Female,33,Gaming,PlayStation 5 Controller,4,69,276
829,2025-09-27,5:44 PM,CUST829,Male,61,Computers & Accessories,Seagate 4TB External HDD,3,99,297
830,2025-12-05,2:20 PM,CUST830,Female,64,Smart Home,Arlo Pro 4 Security Camera,3,199,597
831,2025-12-05,1:25 PM,CUST831,Male,27,Computers & Accessories,"LG 27"" UltraGear Gaming Monitor",3,399,1197
832,2025-08-15,9:18 PM,CUST832,Male,47,Audio,JBL Charge 5 Speaker,4,149,596
833,2025-09-12,6:40 PM,CUST833,Male,42,Computers & Accessories,Samsung T7 Portable SSD 1TB,4,89,356
834,2025-08-22,5:36 PM,CUST834,Female,56,Computers & Accessories,Samsung T7 Portable SSD 1TB,2,89,178
835,2025-11-06,6:20 PM,CUST835,Male,37,Computers & Accessories,Apple Magic Keyboard,4,99,396
836,2025-08-03,3:52 PM,CUST836,Female,22,Smart Home,Google Nest Hub Max,1,229,229
837,2025-10-18,6:23 PM,CUST837,Male,18,Appliances,Keurig K-Elite Coffee Maker,3,149,447
838,2025-04-17,12:36 PM,CUST838,Male,47,Tablets,Amazon Fire HD 10,2,149,298
839,2025-08-27,1:34 PM,CUST839,Female,20,Cameras,GoPro Hero 12,3,399,1197
840,2025-12-25,12:49 PM,CUST840,Male,62,Computers & Accessories,Samsung T7 Portable SSD 1TB,2,89,178
841,2025-07-04,5:46 PM,CUST841,Male,31,Audio,Bose QuietComfort 45,3,279,837
842,2025-10-31,4:45 PM,CUST842,Female,47,Tablets,iPad 10th Gen,2,449,898
843,2025-10-17,2:51 PM,CUST843,Male,21,Audio,JBL Charge 5 Speaker,3,149,447
844,2025-11-30,2:44 PM,CUST844,Male,35,Audio,Sony WH-1000XM5 Headphones,3,349,1047
845,2025-11-30,11:54 AM,CUST845,Male,54,Appliances,Dyson V15 Detect Vacuum,1,749,749
846,2025-12-01,7:26 PM,CUST846,Male,42,Computers & Accessories,Samsung T7 Portable SSD 1TB,1,89,89
847,2025-07-22,5:08 PM,CUST847,Female,18,Gaming,Razer BlackShark V2 Headset,4,99,396
848,2025-06-23,5:15 PM,CUST848,Female,63,Smart Home,Ring Video Doorbell Pro 2,3,249,747
849,2025-11-05,1:09 PM,CUST849,Male,32,Audio,Bose QuietComfort 45,2,279,558
850,2025-11-13,6:50 PM,CUST850,Female,26,Tablets,Samsung Galaxy Tab S9,2,799,1598
851,2025-12-05,4:28 PM,CUST851,Male,32,Smart Home,Amazon Echo Show 10,2,249,498
852,2025-02-10,9:30 PM,CUST852,Female,41,Tablets,"iPad Pro 12.9""",1,1099,1099
853,2025-03-08,5:34 PM,CUST853,Male,21,Tablets,Amazon Fire HD 10,2,149,298
854,2025-10-11,5:58 PM,CUST854,Male,29,Computers & Accessories,Seagate 4TB External HDD,1,99,99
855,2025-12-14,7:26 PM,CUST855,Male,54,Appliances,iRobot Roomba j7+,1,599,599
856,2025-12-31,4:50 PM,CUST856,Male,54,Computers & Accessories,Apple Magic Keyboard,4,99,396
857,2025-11-10,9:44 PM,CUST857,Male,60,Smart Home,Nest Learning Thermostat,2,249,498
858,2025-08-13,8:34 PM,CUST858,Male,23,Audio,AirPods Pro 2nd Gen,2,249,498
859,2025-03-22,5:58 PM,CUST859,Female,56,TVs,"LG 55"" OLED TV",2,1499,2998
860,2025-10-11,12:49 PM,CUST860,Male,63,Computers & Accessories,Seagate 4TB External HDD,4,99,396
861,2025-12-05,2:42 PM,CUST861,Female,41,Computers & Accessories,Anker 65W USB-C Charger,3,45,135
862,2025-08-16,4:41 PM,CUST862,Male,28,Smartphones,iPhone 15 Pro,2,1199,2398
863,2025-10-31,5:36 PM,CUST863,Female,30,Appliances,Keurig K-Elite Coffee Maker,2,149,298
864,2025-12-12,9:43 PM,CUST864,Female,51,Gaming,Xbox Elite Controller Series 2,1,179,179
865,2025-02-22,6:48 PM,CUST865,Female,42,Appliances,Vitamix E310 Blender,1,349,349
866,2025-11-20,2:50 PM,CUST866,Male,24,Computers & Accessories,Anker 65W USB-C Charger,1,45,45
867,2025-06-13,4:00 PM,CUST867,Male,21,TVs,"LG 55"" OLED TV",1,1499,1499
868,2025-07-19,12:14 PM,CUST868,Female,25,Cameras,Sony Alpha a7 IV,1,2499,2499
869,2025-04-12,5:33 PM,CUST869,Male,37,Audio,Samsung Galaxy Buds2 Pro,3,199,597
870,2025-09-13,5:44 PM,CUST870,Female,46,Computers & Accessories,Apple Magic Keyboard,4,99,396
871,2025-09-21,5:28 PM,CUST871,Male,62,Appliances,Dyson V15 Detect Vacuum,2,749,1498
872,2025-11-20,3:29 PM,CUST872,Female,63,Smart Home,Philips Hue Starter Kit,3,199,597
873,2025-04-24,6:37 PM,CUST873,Female,27,Audio,Bose QuietComfort 45,3,279,837
874,2025-03-13,6:09 PM,CUST874,Male,60,Smart Home,Google Nest Hub Max,1,229,229
875,2025-12-05,4:01 PM,CUST875,Female,51,Smartphones,iPhone 15,2,999,1998
876,2025-10-06,4:18 PM,CUST876,Male,43,Audio,Bose QuietComfort 45,3,279,837
877,2025-05-22,3:05 PM,CUST877,Female,58,Computers & Accessories,Anker 65W USB-C Charger,1,45,45
878,2025-12-13,12:46 PM,CUST878,Female,20,Computers & Accessories,Seagate 4TB External HDD,1,99,99
879,2025-04-11,1:19 PM,CUST879,Male,23,Smart Home,Philips Hue Starter Kit,1,199,199
880,2025-08-23,4:50 PM,CUST880,Male,22,Audio,Samsung Galaxy Buds2 Pro,2,199,398
881,2025-05-26,1:30 PM,CUST881,Male,22,Gaming,Xbox Elite Controller Series 2,1,179,179
882,2025-05-27,2:06 PM,CUST882,Female,64,Audio,Samsung Galaxy Buds2 Pro,2,199,398
883,2025-01-11,4:44 PM,CUST883,Male,40,Gaming,PlayStation 5 Controller,1,69,69
884,2025-11-21,4:04 PM,CUST884,Female,26,Computers & Accessories,Apple Magic Keyboard,2,99,198
885,2025-12-11,2:51 PM,CUST885,Female,52,Smart Home,Google Nest Hub Max,3,229,687
886,2025-10-25,6:01 PM,CUST886,Male,37,Gaming,Xbox Series X,3,499,1497
887,2025-04-18,7:41 PM,CUST887,Male,59,Computers & Accessories,Samsung T7 Portable SSD 1TB,4,89,356
888,2025-08-16,12:51 PM,CUST888,Female,52,Audio,Bose QuietComfort 45,3,279,837
889,2025-07-06,12:47 PM,CUST889,Female,35,Audio,Sonos Era 300,1,449,449
890,2025-09-27,2:11 PM,CUST890,Male,34,Smart Home,Ring Video Doorbell Pro 2,2,249,498
891,2025-10-13,4:21 PM,CUST891,Male,41,Laptops,Microsoft Surface Pro 9,2,1399,2798
892,2025-08-09,5:29 PM,CUST892,Male,20,Appliances,Keurig K-Elite Coffee Maker,1,149,149
893,2025-05-24,2:25 PM,CUST893,Male,49,Smart Home,Amazon Echo Show 10,1,249,249
894,2025-11-29,5:11 PM,CUST894,Male,52,Computers & Accessories,Apple Magic Keyboard,1,99,99
895,2025-05-05,5:27 PM,CUST895,Female,55,Audio,Samsung Galaxy Buds2 Pro,4,199,796
896,2025-07-25,4:47 PM,CUST896,Female,30,Computers & Accessories,Anker 65W USB-C Charger,2,45,90
897,2025-08-31,5:12 PM,CUST897,Female,64,Audio,JBL Charge 5 Speaker,2,149,298
898,2025-05-20,4:27 PM,CUST898,Female,42,Smart Home,Amazon Echo Show 10,3,249,747
899,2025-09-24,3:45 PM,CUST899,Male,26,Gaming,Nintendo Switch OLED,2,349,698
900,2025-09-24,1:17 PM,CUST900,Male,21,Computers & Accessories,Seagate 4TB External HDD,2,99,198
901,2025-12-29,6:51 PM,CUST901,Male,31,Appliances,Instant Pot Duo 7-in-1,1,99,99
902,2025-06-13,6:36 PM,CUST902,Female,54,Smart Home,Arlo Pro 4 Security Camera,1,199,199
903,2025-12-26,12:55 PM,CUST903,Female,51,Appliances,Ninja Foodi Air Fryer,4,199,796
904,2025-10-19,4:23 PM,CUST904,Male,28,Tablets,Samsung Galaxy Tab S9,1,799,799
905,2025-06-04,2:29 PM,CUST905,Male,58,Cameras,DJI Mini 4 Pro Drone,1,759,759
906,2025-09-21,12:42 PM,CUST906,Female,20,Smart Home,Nest Learning Thermostat,1,249,249
907,2025-10-29,7:33 PM,CUST907,Female,45,Computers & Accessories,Apple Magic Keyboard,1,99,99
908,2025-11-10,9:20 PM,CUST908,Male,46,Tablets,Amazon Fire HD 10,4,149,596
909,2025-02-25,5:39 PM,CUST909,Male,26,Tablets,Microsoft Surface Go 3,1,399,399
910,2025-10-03,4:07 PM,CUST910,Female,20,Computers & Accessories,Seagate 4TB External HDD,3,99,297
911,2025-09-05,4:54 PM,CUST911,Male,42,Tablets,"iPad Pro 12.9""",2,1099,2198
912,2025-12-12,4:11 PM,CUST912,Male,51,Smart Home,Philips Hue Starter Kit,3,199,597
913,2025-06-09,7:45 PM,CUST913,Male,29,Appliances,Vitamix E310 Blender,3,349,1047
914,2025-11-21,6:58 PM,CUST914,Female,59,TVs,"LG 55"" OLED TV",1,1499,1499
915,2025-10-03,5:05 PM,CUST915,Female,26,Appliances,Vitamix E310 Blender,3,349,1047
916,2025-07-10,5:20 PM,CUST916,Female,32,Audio,JBL Charge 5 Speaker,1,149,149
917,2025-10-12,12:19 PM,CUST917,Female,57,Appliances,Ninja Foodi Air Fryer,4,199,796
918,2025-10-08,12:23 PM,CUST918,Female,42,Computers & Accessories,"LG 27"" UltraGear Gaming Monitor",3,399,1197
919,2025-10-25,6:32 PM,CUST919,Female,22,Smart Home,Amazon Echo Show 10,2,249,498
920,2025-11-06,3:38 PM,CUST920,Female,28,Computers & Accessories,Logitech MX Master 3 Mouse,3,99,297
921,2025-10-19,12:24 PM,CUST921,Male,51,Computers & Accessories,Samsung T7 Portable SSD 1TB,3,89,267
922,2025-11-28,4:31 PM,CUST922,Male,41,Smart Home,Nest Learning Thermostat,1,249,249
923,2025-10-10,5:44 PM,CUST923,Male,32,Cameras,Canon EOS R50,2,699,1398
924,2025-12-12,8:59 PM,CUST924,Male,55,Computers & Accessories,Apple Magic Keyboard,2,99,198
925,2025-10-16,9:35 PM,CUST925,Male,25,Smartphones,Google Pixel 8,1,699,699
926,2025-06-20,1:18 PM,CUST926,Male,22,Audio,JBL Charge 5 Speaker,1,149,149
927,2025-08-16,1:20 PM,CUST927,Male,43,TVs,"Hisense 65"" U8K",2,799,1598
928,2025-09-26,7:39 PM,CUST928,Female,35,Tablets,iPad 10th Gen,3,449,1347
929,2025-11-08,11:22 AM,CUST929,Female,23,Smart Home,Nest Learning Thermostat,3,249,747
930,2025-03-18,8:31 PM,CUST930,Male,54,Computers & Accessories,Logitech MX Master 3 Mouse,4,99,396
931,2025-06-13,1:52 PM,CUST931,Male,30,Appliances,Ninja Foodi Air Fryer,4,199,796
932,2025-11-10,3:35 PM,CUST932,Female,45,Computers & Accessories,Anker 65W USB-C Charger,4,45,180
933,2025-04-26,5:31 PM,CUST933,Male,22,Smart Home,Ring Video Doorbell Pro 2,1,249,249
934,2025-04-06,3:31 PM,CUST934,Male,30,Audio,Bose QuietComfort 45,1,279,279
935,2025-09-15,3:53 PM,CUST935,Female,34,Appliances,Vitamix E310 Blender,1,349,349
936,2025-12-26,4:10 PM,CUST936,Male,57,Computers & Accessories,Samsung T7 Portable SSD 1TB,4,89,356
937,2025-09-13,12:01 PM,CUST937,Female,62,Tablets,Samsung Galaxy Tab S9,1,799,799
938,2025-12-13,6:14 PM,CUST938,Male,49,Smart Home,Google Nest Hub Max,3,229,687
939,2025-11-27,2:17 PM,CUST939,Female,46,Laptops,Lenovo ThinkPad X1,1,1599,1599
940,2025-05-28,1:18 PM,CUST940,Female,20,Smart Home,Amazon Echo Show 10,1,249,249
941,2025-11-25,12:29 PM,CUST941,Female,57,Audio,AirPods Pro 2nd Gen,2,249,498
942,2025-08-31,5:49 PM,CUST942,Male,51,Smart Home,Arlo Pro 4 Security Camera,3,199,597
943,2025-11-22,6:35 PM,CUST943,Female,57,Appliances,Keurig K-Elite Coffee Maker,4,149,596
944,2025-11-10,4:36 PM,CUST944,Male,44,Audio,Samsung Galaxy Buds2 Pro,2,199,398
945,2025-07-04,12:49 PM,CUST945,Male,30,Appliances,Ninja Foodi Air Fryer,1,199,199
946,2025-03-29,5:23 PM,CUST946,Male,62,Cameras,Canon EOS R50,2,699,1398
947,2025-12-24,4:48 PM,CUST947,Male,50,Cameras,DJI Mini 4 Pro Drone,1,759,759
948,2025-04-11,11:46 AM,CUST948,Female,23,Smart Home,Amazon Echo Show 10,3,249,747
949,2025-12-25,3:13 PM,CUST949,Female,41,Audio,JBL Charge 5 Speaker,2,149,298
950,2025-12-02,9:06 PM,CUST950,Male,36,Appliances,Instant Pot Duo 7-in-1,3,99,297
951,2025-11-07,6:41 PM,CUST951,Male,33,Appliances,Dyson V15 Detect Vacuum,2,749,1498
952,2025-12-27,6:19 PM,CUST952,Female,57,Smart Home,Philips Hue Starter Kit,1,199,199
953,2025-12-25,7:02 PM,CUST953,Male,45,Computers & Accessories,Apple Magic Keyboard,3,99,297
954,2025-11-21,4:22 PM,CUST954,Female,50,Smartphones,iPhone 15 Pro,2,1199,2398
955,2025-07-16,7:05 PM,CUST955,Male,58,Audio,Samsung Galaxy Buds2 Pro,1,199,199
956,2025-11-19,3:07 PM,CUST956,Male,30,Tablets,Microsoft Surface Go 3,3,399,1197
957,2025-01-17,6:15 PM,CUST957,Female,60,Audio,AirPods Pro 2nd Gen,3,249,747
958,2025-09-14,1:47 PM,CUST958,Male,62,Appliances,Instant Pot Duo 7-in-1,2,99,198
959,2025-08-22,5:22 PM,CUST959,Female,42,Audio,Samsung Galaxy Buds2 Pro,2,199,398
960,2025-10-24,7:39 PM,CUST960,Male,59,Computers & Accessories,Samsung T7 Portable SSD 1TB,2,89,178
961,2025-10-24,5:10 PM,CUST961,Male,53,Appliances,Instant Pot Duo 7-in-1,4,99,396
962,2025-09-26,5:50 PM,CUST962,Male,44,Computers & Accessories,Samsung T7 Portable SSD 1TB,2,89,178
963,2025-11-24,1:13 PM,CUST963,Female,55,Computers & Accessories,Apple Magic Keyboard,1,99,99
964,2025-12-19,7:36 PM,CUST964,Male,24,Tablets,"iPad Pro 12.9""",2,1099,2198
965,2025-03-27,2:17 PM,CUST965,Male,22,Audio,Sony WH-1000XM5 Headphones,3,349,1047
966,2025-05-18,5:10 PM,CUST966,Male,60,Tablets,Amazon Fire HD 10,2,149,298
967,2025-01-29,2:45 PM,CUST967,Male,62,Smart Home,Nest Learning Thermostat,1,249,249
968,2025-12-06,3:36 PM,CUST968,Female,48,Tablets,"iPad Pro 12.9""",2,1099,2198
969,2025-09-20,3:54 PM,CUST969,Female,40,Smart Home,Google Nest Hub Max,3,229,687
970,2025-12-13,5:57 PM,CUST970,Male,59,Tablets,iPad Air M1,2,749,1498
971,2025-05-15,6:06 PM,CUST971,Female,27,Appliances,Keurig K-Elite Coffee Maker,4,149,596
972,2025-03-06,12:48 PM,CUST972,Male,49,Appliances,Dyson V15 Detect Vacuum,2,749,1498
973,2025-11-25,7:58 PM,CUST973,Male,60,Computers & Accessories,"LG 27"" UltraGear Gaming Monitor",1,399,399
974,2025-12-12,11:17 AM,CUST974,Male,47,Smart Home,Nest Learning Thermostat,1,249,249
975,2025-06-16,7:08 PM,CUST975,Female,56,Computers & Accessories,Seagate 4TB External HDD,4,99,396
976,2025-08-03,6:08 PM,CUST976,Female,48,Tablets,iPad 10th Gen,2,449,898
977,2025-04-10,1:45 PM,CUST977,Female,35,Appliances,Dyson V15 Detect Vacuum,2,749,1498
978,2025-12-20,4:15 PM,CUST978,Female,53,Audio,AirPods Pro 2nd Gen,3,249,747
979,2025-06-18,6:43 PM,CUST979,Female,19,Smart Home,Ring Video Doorbell Pro 2,1,249,249
980,2025-09-04,3:09 PM,CUST980,Female,31,Audio,AirPods Pro 2nd Gen,3,249,747
981,2025-03-21,5:17 PM,CUST981,Female,30,Appliances,Vitamix E310 Blender,2,349,698
982,2025-12-07,5:24 PM,CUST982,Female,46,Appliances,Keurig K-Elite Coffee Maker,3,149,447
983,2025-04-07,4:40 PM,CUST983,Female,29,Gaming,PlayStation 5,1,499,499
984,2025-08-21,7:49 PM,CUST984,Male,56,Appliances,Ninja Foodi Air Fryer,1,199,199
985,2025-10-24,12:32 PM,CUST985,Female,19,Audio,JBL Charge 5 Speaker,2,149,298
986,2025-11-09,6:44 PM,CUST986,Female,49,Tablets,Amazon Fire HD 10,2,149,298
987,2025-12-20,8:23 PM,CUST987,Female,30,Tablets,Samsung Galaxy Tab S9,2,799,1598
988,2025-08-08,4:31 PM,CUST988,Female,63,Audio,Sony WH-1000XM5 Headphones,3,349,1047
989,2025-11-09,2:00 PM,CUST989,Female,44,Computers & Accessories,Logitech MX Master 3 Mouse,1,99,99
990,2025-04-17,7:54 PM,CUST990,Female,58,Tablets,Microsoft Surface Go 3,2,399,798
991,2025-08-06,6:46 PM,CUST991,Female,34,Computers & Accessories,Anker 65W USB-C Charger,2,45,90
992,2025-03-22,9:40 PM,CUST992,Female,57,Audio,Sonos Era 300,2,449,898
993,2025-09-03,5:22 PM,CUST993,Female,48,Computers & Accessories,"LG 27"" UltraGear Gaming Monitor",3,399,1197
994,2025-08-03,7:50 PM,CUST994,Female,51,Tablets,iPad 10th Gen,2,449,898
995,2025-12-20,5:13 PM,CUST995,Female,41,Smart Home,Philips Hue Starter Kit,1,199,199
996,2025-02-07,9:52 PM,CUST996,Male,62,Smart Home,Ring Video Doorbell Pro 2,1,249,249
997,2025-07-18,2:17 PM,CUST997,Male,52,Smart Home,Google Nest Hub Max,3,229,687
998,2025-08-16,4:18 PM,CUST998,Female,23,Computers & Accessories,Anker 65W USB-C Charger,4,45,180
999,2025-12-20,4:36 PM,CUST999,Female,36,Appliances,Instant Pot Duo 7-in-1,3,99,297
1000,2025-12-01,12:54 PM,CUST1000,Male,47,Computers & Accessories,Anker 65W USB-C Charger,4,45,180
